president,subgroup,date,approve,approve_hi,approve_lo,disapprove,disapprove_hi,disapprove_lo,timestamp,spread,datetime,date_display
Joe Biden,All polls,01-25-23,42.05,46.537319,37.568373,52.16,56.615496,47.71226,17:57:44 25 Jan 2023,-10.11,2023-01-25 17:57:44,Jan. 25
Joe Biden,All polls,01-24-23,42.33,46.740498,37.920753,52.05,56.667619,47.428037,10:31:44 24 Jan 2023,-9.72,2023-01-24 10:31:44,Jan. 24
Joe Biden,All polls,01-23-23,42.25,46.847907,37.642588,52.17,56.851091,47.490186,09:12:58 23 Jan 2023,-9.93,2023-01-23 09:12:58,Jan. 23
Joe Biden,All polls,01-20-23,42.25,46.847904,37.64259,52.17,56.851093,47.490185,18:06:43 20 Jan 2023,-9.93,2023-01-20 18:06:43,Jan. 20
Joe Biden,All polls,01-19-23,43.39,48.232139,38.551537,51.32,55.742745,46.893202,09:18:43 19 Jan 2023,-7.93,2023-01-19 09:18:43,Jan. 19
Joe Biden,All polls,01-18-23,43.62,48.645442,38.598964,50.96,55.366424,46.555741,19:29:42 18 Jan 2023,-7.34,2023-01-18 19:29:42,Jan. 18
Joe Biden,All polls,01-17-23,43.89,48.271523,39.513686,50.94,55.822298,46.049092,09:52:36 17 Jan 2023,-7.04,2023-01-17 09:52:36,Jan. 17
Joe Biden,All polls,01-13-23,43.9,48.277002,39.519459,50.97,55.853242,46.081116,09:09:42 13 Jan 2023,-7.07,2023-01-13 09:09:42,Jan. 13
Joe Biden,All polls,01-12-23,43.91,48.304283,39.518451,50.95,55.814302,46.082118,16:40:44 12 Jan 2023,-7.04,2023-01-12 16:40:44,Jan. 12
Joe Biden,All polls,01-11-23,44.12,48.016948,40.225702,50.93,56.090935,45.775313,17:04:43 11 Jan 2023,-6.81,2023-01-11 17:04:43,Jan. 11
Joe Biden,All polls,01-10-23,43.74,47.424428,40.050208,51.5,56.529694,46.470354,15:13:42 10 Jan 2023,-7.76,2023-01-10 15:13:42,Jan. 10
Joe Biden,All polls,01-09-23,43.5,47.694974,39.298634,51.04,55.571868,46.514605,09:23:54  9 Jan 2023,-7.55,2023-01-09 09:23:54,Jan. 09
Joe Biden,All polls,01-06-23,43.5,47.694972,39.298635,51.04,55.571869,46.514605,10:55:43  6 Jan 2023,-7.55,2023-01-06 10:55:43,Jan. 06
Joe Biden,All polls,01-05-23,43.45,47.586693,39.305478,51.07,55.594473,46.544605,09:11:42  5 Jan 2023,-7.62,2023-01-05 09:11:42,Jan. 05
Joe Biden,All polls,01-04-23,43.49,47.469822,39.501754,50.92,55.599372,46.234366,11:51:42  4 Jan 2023,-7.43,2023-01-04 11:51:42,Jan. 04
Joe Biden,All polls,01-03-23,43.34,47.458191,39.223999,51.32,55.427872,47.220619,09:15:30  3 Jan 2023,-7.98,2023-01-03 09:15:30,Jan. 03
Joe Biden,All polls,12-30-22,43.34,47.458197,39.223994,51.32,55.427872,47.220619,09:41:41 30 Dec 2022,-7.98,2022-12-30 09:41:41,Dec. 30
Joe Biden,All polls,12-29-22,43.23,47.22386,39.244402,51.44,55.535676,47.335185,09:22:42 29 Dec 2022,-8.2,2022-12-29 09:22:42,Dec. 29
Joe Biden,All polls,12-28-22,43.27,47.279065,39.254813,51.41,55.628901,47.189925,09:40:43 28 Dec 2022,-8.14,2022-12-28 09:40:43,Dec. 28
Joe Biden,All polls,12-27-22,43.16,47.064962,39.256222,51.51,55.711506,47.309583,09:14:52 27 Dec 2022,-8.35,2022-12-27 09:14:52,Dec. 27
Joe Biden,All polls,12-24-22,43.05,46.866968,39.22617,51.59,55.785288,47.388784,10:38:18 24 Dec 2022,-8.54,2022-12-24 10:38:18,Dec. 24
Joe Biden,All polls,12-22-22,43.05,46.86697,39.226168,51.59,55.785287,47.388785,09:28:42 22 Dec 2022,-8.54,2022-12-22 09:28:42,Dec. 22
Joe Biden,All polls,12-21-22,43.12,47.020202,39.216119,51.5,55.781493,47.209649,13:06:41 21 Dec 2022,-8.38,2022-12-21 13:06:41,Dec. 21
Joe Biden,All polls,12-20-22,43.06,47.008506,39.109468,51.45,55.834137,47.063204,09:30:43 20 Dec 2022,-8.39,2022-12-20 09:30:43,Dec. 20
Joe Biden,All polls,12-19-22,42.85,46.712561,38.984465,51.77,56.12577,47.408159,08:37:51 19 Dec 2022,-8.92,2022-12-19 08:37:51,Dec. 19
Joe Biden,All polls,12-16-22,42.86,46.730307,38.987469,51.76,56.120304,47.403251,21:10:42 16 Dec 2022,-8.9,2022-12-16 21:10:42,Dec. 16
Joe Biden,All polls,12-15-22,43.01,46.933248,39.086277,51.33,55.722753,46.944397,15:43:41 15 Dec 2022,-8.32,2022-12-15 15:43:41,Dec. 15
Joe Biden,All polls,12-14-22,42.79,46.78276,38.793137,51.7,56.188761,47.212187,18:43:40 14 Dec 2022,-8.91,2022-12-14 18:43:40,Dec. 14
Joe Biden,All polls,12-13-22,42.03,46.44919,37.61492,52.67,57.242484,48.093618,16:33:55 13 Dec 2022,-10.64,2022-12-13 16:33:55,Dec. 13
Joe Biden,All polls,12-12-22,42.45,46.956112,37.944807,52.42,56.870828,47.971653,08:47:01 12 Dec 2022,-9.97,2022-12-12 08:47:01,Dec. 12
Joe Biden,All polls,12-09-22,42.45,46.95611,37.944808,52.42,56.870827,47.971653,14:17:41  9 Dec 2022,-9.97,2022-12-09 14:17:41,Dec. 09
Joe Biden,All polls,12-08-22,42.07,46.353061,37.790036,52.62,57.097441,48.142743,09:46:40  8 Dec 2022,-10.55,2022-12-08 09:46:40,Dec. 08
Joe Biden,All polls,12-07-22,41.85,45.977841,37.732126,52.75,57.402901,48.100009,15:38:39  7 Dec 2022,-10.9,2022-12-07 15:38:39,Dec. 07
Joe Biden,All polls,12-06-22,41.67,45.720514,37.614461,52.95,57.068811,48.838519,17:17:40  6 Dec 2022,-11.29,2022-12-06 17:17:40,Dec. 06
Joe Biden,All polls,12-05-22,41.52,45.66463,37.38122,53.14,57.331475,48.948316,08:30:49  5 Dec 2022,-11.62,2022-12-05 08:30:49,Dec. 05
Joe Biden,All polls,12-02-22,41.52,45.664624,37.381226,53.14,57.331475,48.948317,16:51:39  2 Dec 2022,-11.62,2022-12-02 16:51:39,Dec. 02
Joe Biden,All polls,12-01-22,41.43,45.514242,37.349479,53.16,57.388027,48.928411,09:52:39  1 Dec 2022,-11.73,2022-12-01 09:52:39,Dec. 01
Joe Biden,All polls,11-30-22,41.36,45.544806,37.184934,53.11,57.393885,48.822114,13:48:38 30 Nov 2022,-11.74,2022-11-30 13:48:38,Nov. 30
Joe Biden,All polls,11-29-22,41.44,45.672587,37.198978,53.36,57.704789,49.011284,17:44:39 29 Nov 2022,-11.92,2022-11-29 17:44:39,Nov. 29
Joe Biden,All polls,11-28-22,41.58,45.810685,37.343086,53.12,57.415988,48.819594,13:32:55 28 Nov 2022,-11.54,2022-11-28 13:32:55,Nov. 28
Joe Biden,All polls,11-27-22,41.8,45.92854,37.66589,52.9,57.173976,48.625697,12:26:22 27 Nov 2022,-11.1,2022-11-27 12:26:22,Nov. 27
Joe Biden,All polls,11-23-22,41.8,45.928544,37.665887,52.9,57.173977,48.625697,10:28:38 23 Nov 2022,-11.1,2022-11-23 10:28:38,Nov. 23
Joe Biden,All polls,11-22-22,41.5,45.683674,37.326267,53.48,57.491751,49.477289,18:03:39 22 Nov 2022,-11.98,2022-11-22 18:03:39,Nov. 22
Joe Biden,All polls,11-21-22,42.02,46.06171,37.984725,53.22,57.585629,48.84687,11:34:14 21 Nov 2022,-11.19,2022-11-21 11:34:14,Nov. 21
Joe Biden,All polls,11-18-22,42.02,46.061708,37.984728,53.22,57.585629,48.84687,16:19:39 18 Nov 2022,-11.19,2022-11-18 16:19:39,Nov. 18
Joe Biden,All polls,11-17-22,41.75,45.987499,37.503037,53.14,57.419502,48.859698,14:44:39 17 Nov 2022,-11.39,2022-11-17 14:44:39,Nov. 17
Joe Biden,All polls,11-16-22,41.58,45.879588,37.273964,53.26,57.615157,48.903482,14:43:37 16 Nov 2022,-11.68,2022-11-16 14:43:37,Nov. 16
Joe Biden,All polls,11-15-22,41.66,45.900231,37.424194,53.25,57.559492,48.948831,09:47:39 15 Nov 2022,-11.59,2022-11-15 09:47:39,Nov. 15
Joe Biden,All polls,11-14-22,41.54,45.822324,37.251455,53.3,57.632857,48.960581,09:39:43 14 Nov 2022,-11.76,2022-11-14 09:39:43,Nov. 14
Joe Biden,All polls,11-11-22,41.54,45.822328,37.251451,53.3,57.632858,48.960579,09:47:38 11 Nov 2022,-11.76,2022-11-11 09:47:38,Nov. 11
Joe Biden,All polls,11-10-22,41.18,45.17691,37.182317,53.45,57.80243,49.104721,09:35:38 10 Nov 2022,-12.27,2022-11-10 09:35:38,Nov. 10
Joe Biden,All polls,11-09-22,41.13,45.162457,37.102387,53.51,57.898291,49.130734,16:57:37  9 Nov 2022,-12.38,2022-11-09 16:57:37,Nov. 09
Joe Biden,All polls,11-08-22,41.4,45.392944,37.41344,53.48,57.936098,49.018441,13:47:38  8 Nov 2022,-12.07,2022-11-08 13:47:38,Nov. 08
Joe Biden,All polls,11-07-22,41.39,45.389658,37.388597,53.44,57.88214,48.998839,22:33:56  7 Nov 2022,-12.05,2022-11-07 22:33:56,Nov. 07
Joe Biden,All polls,11-06-22,42.07,46.139411,38.005297,53.12,57.635953,48.61311,11:00:35  6 Nov 2022,-11.05,2022-11-06 11:00:35,Nov. 06
Joe Biden,All polls,11-04-22,42.07,46.139408,38.005301,53.12,57.635955,48.613109,13:07:37  4 Nov 2022,-11.05,2022-11-04 13:07:37,Nov. 04
Joe Biden,All polls,11-03-22,42.3,46.389531,38.207441,53.23,57.462856,48.999089,19:53:37  3 Nov 2022,-10.93,2022-11-03 19:53:37,Nov. 03
Joe Biden,All polls,11-02-22,42.19,46.351342,38.037071,53.3,57.552717,49.040133,19:11:36  2 Nov 2022,-11.1,2022-11-02 19:11:36,Nov. 02
Joe Biden,All polls,11-01-22,42.35,46.435788,38.271302,53.71,57.928915,49.501076,18:55:37  1 Nov 2022,-11.36,2022-11-01 18:55:37,Nov. 01
Joe Biden,All polls,10-31-22,42.31,46.400504,38.221443,53.64,57.902854,49.367428,15:25:38 31 Oct 2022,-11.32,2022-10-31 15:25:38,Oct. 31
Joe Biden,All polls,10-30-22,42.17,46.227223,38.112248,52.95,56.874415,49.01657,13:35:10 30 Oct 2022,-10.78,2022-10-30 13:35:10,Oct. 30
Joe Biden,All polls,10-28-22,42.17,46.227223,38.112248,52.95,56.874416,49.016569,18:17:37 28 Oct 2022,-10.78,2022-10-28 18:17:37,Oct. 28
Joe Biden,All polls,10-27-22,42.28,46.305498,38.264011,53.02,56.964166,49.085748,13:57:36 27 Oct 2022,-10.74,2022-10-27 13:57:36,Oct. 27
Joe Biden,All polls,10-26-22,41.81,45.97907,37.646785,53.43,57.625559,49.226544,13:18:36 26 Oct 2022,-11.61,2022-10-26 13:18:36,Oct. 26
Joe Biden,All polls,10-25-22,41.75,46.02135,37.46963,53.65,57.914993,49.38972,19:13:36 25 Oct 2022,-11.91,2022-10-25 19:13:36,Oct. 25
Joe Biden,All polls,10-24-22,41.64,45.901444,37.386238,53.34,57.739448,48.938582,14:42:36 24 Oct 2022,-11.7,2022-10-24 14:42:36,Oct. 24
Joe Biden,All polls,10-23-22,41.52,45.802676,37.232138,53.5,57.975624,49.027289,11:09:23 23 Oct 2022,-11.98,2022-10-23 11:09:23,Oct. 23
Joe Biden,All polls,10-21-22,41.52,45.802672,37.232142,53.5,57.975622,49.027291,10:56:36 21 Oct 2022,-11.98,2022-10-21 10:56:36,Oct. 21
Joe Biden,All polls,10-20-22,42.0,46.311905,37.6843,53.42,58.086482,48.758768,15:10:51 20 Oct 2022,-11.42,2022-10-20 15:10:51,Oct. 20
Joe Biden,All polls,10-19-22,42.32,46.650651,37.997834,53.18,57.700135,48.651612,15:40:35 19 Oct 2022,-10.85,2022-10-19 15:40:35,Oct. 19
Joe Biden,All polls,10-18-22,42.47,46.818048,38.112102,53.15,57.771993,48.537739,16:16:35 18 Oct 2022,-10.69,2022-10-18 16:16:35,Oct. 18
Joe Biden,All polls,10-17-22,42.78,46.992263,38.573966,53.19,57.943342,48.434536,09:39:35 17 Oct 2022,-10.41,2022-10-17 09:39:35,Oct. 17
Joe Biden,All polls,10-16-22,42.93,47.104436,38.754711,52.88,57.517416,48.250279,12:56:39 16 Oct 2022,-9.95,2022-10-16 12:56:39,Oct. 16
Joe Biden,All polls,10-15-22,42.16,45.983164,38.328275,52.79,57.691644,47.887711,12:39:35 15 Oct 2022,-10.63,2022-10-15 12:39:35,Oct. 15
Joe Biden,All polls,10-14-22,42.27,46.062872,38.474048,52.74,57.658144,47.818196,17:15:36 14 Oct 2022,-10.47,2022-10-14 17:15:36,Oct. 14
Joe Biden,All polls,10-13-22,42.59,46.499476,38.679327,52.29,57.100546,47.475434,14:52:44 13 Oct 2022,-9.7,2022-10-13 14:52:44,Oct. 13
Joe Biden,All polls,10-12-22,42.4,46.366676,38.4371,52.33,57.280589,47.384258,13:33:34 12 Oct 2022,-9.93,2022-10-12 13:33:34,Oct. 12
Joe Biden,All polls,10-11-22,42.15,46.196266,38.109722,52.53,57.249548,47.819531,17:29:34 11 Oct 2022,-10.38,2022-10-11 17:29:34,Oct. 11
Joe Biden,All polls,10-10-22,42.52,46.68996,38.347302,51.97,56.494177,47.440312,09:33:02 10 Oct 2022,-9.45,2022-10-10 09:33:02,Oct. 10
Joe Biden,All polls,10-08-22,42.52,46.689963,38.347299,51.97,56.494175,47.440313,10:42:34  8 Oct 2022,-9.45,2022-10-08 10:42:34,Oct. 08
Joe Biden,All polls,10-07-22,42.63,46.83436,38.417902,51.67,56.233584,47.104463,19:31:34  7 Oct 2022,-9.04,2022-10-07 19:31:34,Oct. 07
Joe Biden,All polls,10-06-22,42.68,46.931776,38.438062,51.46,55.90407,47.023724,09:43:34  6 Oct 2022,-8.78,2022-10-06 09:43:34,Oct. 06
Joe Biden,All polls,10-05-22,42.34,46.715592,37.964165,51.87,56.372526,47.358637,18:21:33  5 Oct 2022,-9.53,2022-10-05 18:21:33,Oct. 05
Joe Biden,All polls,10-04-22,42.65,47.115448,38.179796,52.11,56.230282,47.987911,11:44:34  4 Oct 2022,-9.46,2022-10-04 11:44:34,Oct. 04
Joe Biden,All polls,10-03-22,42.27,46.506745,38.041777,51.92,56.09248,47.756244,10:09:29  3 Oct 2022,-9.65,2022-10-03 10:09:29,Oct. 03
Joe Biden,All polls,09-30-22,42.27,46.506744,38.041778,51.92,56.09248,47.756244,09:53:33 30 Sep 2022,-9.65,2022-09-30 09:53:33,Sep. 30
Joe Biden,All polls,09-29-22,42.05,46.2838,37.810909,52.2,56.329715,48.077814,13:42:33 29 Sep 2022,-10.16,2022-09-29 13:42:33,Sep. 29
Joe Biden,All polls,09-28-22,42.19,46.496643,37.880085,52.22,56.386898,48.047569,18:35:33 28 Sep 2022,-10.03,2022-09-28 18:35:33,Sep. 28
Joe Biden,All polls,09-27-22,42.6,46.69005,38.507584,53.11,57.182446,49.04303,18:32:32 27 Sep 2022,-10.51,2022-09-27 18:32:32,Sep. 27
Joe Biden,All polls,09-26-22,42.71,46.768685,38.643349,53.04,57.134741,48.951741,13:18:33 26 Sep 2022,-10.34,2022-09-26 13:18:33,Sep. 26
Joe Biden,All polls,09-25-22,42.77,46.858211,38.672931,53.0,57.063071,48.936645,12:16:46 25 Sep 2022,-10.23,2022-09-25 12:16:46,Sep. 25
Joe Biden,All polls,09-24-22,42.66,46.716607,38.596881,52.74,56.907635,48.577545,12:29:32 24 Sep 2022,-10.09,2022-09-24 12:29:32,Sep. 24
Joe Biden,All polls,09-23-22,42.88,46.973633,38.780848,52.51,56.664147,48.359492,17:28:45 23 Sep 2022,-9.63,2022-09-23 17:28:45,Sep. 23
Joe Biden,All polls,09-22-22,42.47,46.468081,38.47226,52.95,57.084246,48.818714,10:26:32 22 Sep 2022,-10.48,2022-09-22 10:26:32,Sep. 22
Joe Biden,All polls,09-21-22,42.36,46.528792,38.189779,53.12,57.278925,48.957416,20:14:32 21 Sep 2022,-10.76,2022-09-21 20:14:32,Sep. 21
Joe Biden,All polls,09-20-22,42.29,46.559017,38.026137,53.33,57.660998,48.996712,17:52:31 20 Sep 2022,-11.04,2022-09-20 17:52:31,Sep. 20
Joe Biden,All polls,09-19-22,42.35,46.488204,38.202963,52.74,57.002644,48.485385,09:58:31 19 Sep 2022,-10.4,2022-09-19 09:58:31,Sep. 19
Joe Biden,All polls,09-18-22,41.99,46.12051,37.868347,52.97,57.300987,48.646116,14:52:00 18 Sep 2022,-10.98,2022-09-18 14:52:00,Sep. 18
Joe Biden,All polls,09-16-22,41.99,46.12051,37.868348,52.97,57.300988,48.646116,15:38:30 16 Sep 2022,-10.98,2022-09-16 15:38:30,Sep. 16
Joe Biden,All polls,09-15-22,42.3,46.41879,38.187316,53.12,57.17685,49.059654,09:45:31 15 Sep 2022,-10.82,2022-09-15 09:45:31,Sep. 15
Joe Biden,All polls,09-14-22,42.22,46.408967,38.025857,53.3,57.455751,49.13893,20:44:30 14 Sep 2022,-11.08,2022-09-14 20:44:30,Sep. 14
Joe Biden,All polls,09-13-22,42.59,46.834249,38.337316,53.09,57.378239,48.810511,16:50:43 13 Sep 2022,-10.51,2022-09-13 16:50:43,Sep. 13
Joe Biden,All polls,09-12-22,42.48,46.365646,38.603347,53.05,57.357235,48.738192,09:30:22 12 Sep 2022,-10.56,2022-09-12 09:30:22,Sep. 12
Joe Biden,All polls,09-09-22,42.48,46.365643,38.60335,53.05,57.357234,48.738193,09:48:31  9 Sep 2022,-10.56,2022-09-09 09:48:31,Sep. 09
Joe Biden,All polls,09-08-22,42.37,46.202694,38.535494,53.18,57.510049,48.849326,10:20:36  8 Sep 2022,-10.81,2022-09-08 10:20:36,Sep. 08
Joe Biden,All polls,09-07-22,42.45,46.467584,38.434471,53.22,57.682329,48.765767,19:23:31  7 Sep 2022,-10.77,2022-09-07 19:23:31,Sep. 07
Joe Biden,All polls,09-06-22,43.0,47.177903,38.822003,52.83,57.37074,48.288266,19:14:30  6 Sep 2022,-9.83,2022-09-06 19:14:30,Sep. 06
Joe Biden,All polls,09-05-22,42.71,46.780589,38.63105,52.84,57.485093,48.201303,18:59:19  5 Sep 2022,-10.14,2022-09-05 18:59:19,Sep. 05
Joe Biden,All polls,09-02-22,42.71,46.780591,38.631048,52.84,57.485091,48.201305,12:15:30  2 Sep 2022,-10.14,2022-09-02 12:15:30,Sep. 02
Joe Biden,All polls,09-01-22,42.65,46.678588,38.62998,53.0,57.499629,48.5008,09:45:40  1 Sep 2022,-10.35,2022-09-01 09:45:40,Sep. 01
Joe Biden,All polls,08-31-22,42.44,46.539663,38.349199,53.1,57.698096,48.506441,14:17:29 31 Aug 2022,-10.66,2022-08-31 14:17:29,Aug. 31
Joe Biden,All polls,08-30-22,42.01,46.259811,37.756427,53.79,58.52059,49.057846,18:51:29 30 Aug 2022,-11.78,2022-08-30 18:51:29,Aug. 30
Joe Biden,All polls,08-29-22,42.41,46.605818,38.222715,53.36,58.008946,48.720199,09:46:29 29 Aug 2022,-10.95,2022-08-29 09:46:29,Aug. 29
Joe Biden,All polls,08-28-22,41.92,45.999539,37.835352,53.29,58.017381,48.55518,11:43:57 28 Aug 2022,-11.37,2022-08-28 11:43:57,Aug. 28
Joe Biden,All polls,08-26-22,41.92,45.999536,37.835355,53.29,58.017381,48.55518,21:01:29 26 Aug 2022,-11.37,2022-08-26 21:01:29,Aug. 26
Joe Biden,All polls,08-25-22,41.53,45.721128,37.338933,53.83,58.521496,49.139127,14:50:29 25 Aug 2022,-12.3,2022-08-25 14:50:29,Aug. 25
Joe Biden,All polls,08-24-22,41.34,45.589958,37.096473,54.08,58.856676,49.297001,20:26:28 24 Aug 2022,-12.73,2022-08-24 20:26:28,Aug. 24
Joe Biden,All polls,08-23-22,40.75,45.112939,36.385613,54.41,59.642095,49.174111,14:38:28 23 Aug 2022,-13.66,2022-08-23 14:38:28,Aug. 23
Joe Biden,All polls,08-22-22,40.89,45.173441,36.606105,54.26,59.391581,49.134601,15:45:29 22 Aug 2022,-13.37,2022-08-22 15:45:29,Aug. 22
Joe Biden,All polls,08-21-22,40.73,44.629066,36.823404,54.29,59.502786,49.082947,15:00:53 21 Aug 2022,-13.57,2022-08-21 15:00:53,Aug. 21
Joe Biden,All polls,08-19-22,40.73,44.629069,36.823401,54.29,59.502787,49.082946,12:25:29 19 Aug 2022,-13.57,2022-08-19 12:25:29,Aug. 19
Joe Biden,All polls,08-18-22,40.54,44.435382,36.654158,54.85,59.106022,50.589577,10:19:28 18 Aug 2022,-14.3,2022-08-18 10:19:28,Aug. 18
Joe Biden,All polls,08-17-22,40.38,44.322151,36.437269,55.09,59.411572,50.761633,18:28:28 17 Aug 2022,-14.71,2022-08-17 18:28:28,Aug. 17
Joe Biden,All polls,08-16-22,40.25,44.338743,36.158561,55.21,59.25901,51.163124,09:36:28 16 Aug 2022,-14.96,2022-08-16 09:36:28,Aug. 16
Joe Biden,All polls,08-15-22,40.26,44.415722,36.112251,55.42,59.474616,51.372502,09:14:14 15 Aug 2022,-15.16,2022-08-15 09:14:14,Aug. 15
Joe Biden,All polls,08-12-22,40.26,44.415723,36.11225,55.42,59.474616,51.372502,09:54:28 12 Aug 2022,-15.16,2022-08-12 09:54:28,Aug. 12
Joe Biden,All polls,08-11-22,40.08,44.24212,35.925809,55.58,59.638003,51.512072,20:52:27 11 Aug 2022,-15.49,2022-08-11 20:52:27,Aug. 11
Joe Biden,All polls,08-10-22,39.79,44.010638,35.566499,55.52,59.601586,51.436464,13:52:27 10 Aug 2022,-15.73,2022-08-10 13:52:27,Aug. 10
Joe Biden,All polls,08-09-22,39.6,43.776556,35.428776,55.68,59.863871,51.505482,20:22:27  9 Aug 2022,-16.08,2022-08-09 20:22:27,Aug. 09
Joe Biden,All polls,08-08-22,39.27,43.45322,35.084474,55.63,59.997912,51.26907,09:40:13  8 Aug 2022,-16.36,2022-08-08 09:40:13,Aug. 08
Joe Biden,All polls,08-05-22,39.27,43.45322,35.084473,55.63,59.997911,51.269071,18:53:32  5 Aug 2022,-16.36,2022-08-05 18:53:32,Aug. 05
Joe Biden,All polls,08-04-22,39.22,43.410301,35.029334,55.69,60.064454,51.325124,09:56:27  4 Aug 2022,-16.47,2022-08-04 09:56:27,Aug. 04
Joe Biden,All polls,08-03-22,39.19,43.372554,35.002713,55.75,60.17623,51.320785,13:12:27  3 Aug 2022,-16.56,2022-08-03 13:12:27,Aug. 03
Joe Biden,All polls,08-02-22,39.18,43.557168,34.796281,55.59,60.138478,51.042459,16:39:27  2 Aug 2022,-16.41,2022-08-02 16:39:27,Aug. 02
Joe Biden,All polls,08-01-22,39.88,44.290457,35.464115,55.77,60.046758,51.501555,10:03:27  1 Aug 2022,-15.9,2022-08-01 10:03:27,Aug. 01
Joe Biden,All polls,07-31-22,39.37,43.771305,34.963948,55.6,59.991266,51.213355,12:59:53 31 Jul 2022,-16.23,2022-07-31 12:59:53,Jul. 31
Joe Biden,All polls,07-29-22,39.37,43.771309,34.963944,55.6,59.991267,51.213353,15:19:27 29 Jul 2022,-16.23,2022-07-29 15:19:27,Jul. 29
Joe Biden,All polls,07-28-22,39.27,43.710703,34.838539,55.68,60.110408,51.257873,15:31:27 28 Jul 2022,-16.41,2022-07-28 15:31:27,Jul. 28
Joe Biden,All polls,07-27-22,38.44,42.931146,33.9549,56.44,61.102354,51.779983,10:59:31 27 Jul 2022,-18.0,2022-07-27 10:59:31,Jul. 27
Joe Biden,All polls,07-26-22,37.96,42.483273,33.437448,56.86,61.653215,52.063169,20:27:30 26 Jul 2022,-18.9,2022-07-26 20:27:30,Jul. 26
Joe Biden,All polls,07-25-22,37.9,42.186533,33.615375,56.87,61.866097,51.865725,10:14:10 25 Jul 2022,-18.96,2022-07-25 10:14:10,Jul. 25
Joe Biden,All polls,07-22-22,37.9,42.186534,33.615374,56.87,61.866097,51.865725,20:45:27 22 Jul 2022,-18.96,2022-07-22 20:45:27,Jul. 22
Joe Biden,All polls,07-21-22,37.53,41.831679,33.223654,57.2,62.204814,52.195079,15:07:26 21 Jul 2022,-19.67,2022-07-21 15:07:26,Jul. 21
Joe Biden,All polls,07-20-22,37.97,42.39557,33.549922,56.59,61.589059,51.581144,20:37:26 20 Jul 2022,-18.61,2022-07-20 20:37:26,Jul. 20
Joe Biden,All polls,07-19-22,38.5,42.494005,34.49616,55.81,61.21637,50.407179,09:58:26 19 Jul 2022,-17.32,2022-07-19 09:58:26,Jul. 19
Joe Biden,All polls,07-18-22,38.64,42.70803,34.570372,55.65,60.969784,50.336952,16:44:25 18 Jul 2022,-17.01,2022-07-18 16:44:25,Jul. 18
Joe Biden,All polls,07-17-22,38.5,42.597461,34.394665,55.51,60.8459,50.177324,12:46:47 17 Jul 2022,-17.02,2022-07-17 12:46:47,Jul. 17
Joe Biden,All polls,07-15-22,38.5,42.597464,34.394662,55.51,60.845901,50.177323,15:32:29 15 Jul 2022,-17.02,2022-07-15 15:32:29,Jul. 15
Joe Biden,All polls,07-14-22,38.73,42.695814,34.764611,55.96,60.865427,51.062546,14:37:26 14 Jul 2022,-17.23,2022-07-14 14:37:26,Jul. 14
Joe Biden,All polls,07-13-22,38.61,42.517189,34.693037,56.12,61.247254,50.987456,14:57:26 13 Jul 2022,-17.51,2022-07-13 14:57:26,Jul. 13
Joe Biden,All polls,07-12-22,38.53,42.512657,34.553173,55.96,61.215463,50.710048,16:01:26 12 Jul 2022,-17.43,2022-07-12 16:01:26,Jul. 12
Joe Biden,All polls,07-11-22,38.4,42.037324,34.764646,56.36,60.77635,51.947418,10:45:05 11 Jul 2022,-17.96,2022-07-11 10:45:05,Jul. 11
Joe Biden,All polls,07-08-22,38.4,42.037323,34.764647,56.36,60.776349,51.947419,12:39:26  8 Jul 2022,-17.96,2022-07-08 12:39:26,Jul. 08
Joe Biden,All polls,07-07-22,38.59,42.296329,34.877984,56.3,60.665571,51.940208,15:31:25  7 Jul 2022,-17.72,2022-07-07 15:31:25,Jul. 07
Joe Biden,All polls,07-06-22,38.98,42.673661,35.281862,55.9,60.322325,51.468033,16:23:25  6 Jul 2022,-16.92,2022-07-06 16:23:25,Jul. 06
Joe Biden,All polls,07-05-22,39.23,43.102748,35.361164,55.9,60.396169,51.40909,11:49:26  5 Jul 2022,-16.67,2022-07-05 11:49:26,Jul. 05
Joe Biden,All polls,07-01-22,39.23,43.102752,35.361161,55.9,60.396169,51.40909,10:02:25  1 Jul 2022,-16.67,2022-07-01 10:02:25,Jul. 01
Joe Biden,All polls,06-30-22,38.98,42.940941,35.028692,56.22,60.768357,51.678502,14:02:25 30 Jun 2022,-17.24,2022-06-30 14:02:25,Jun. 30
Joe Biden,All polls,06-29-22,39.05,43.072357,35.022535,56.12,60.740745,51.497139,21:15:25 29 Jun 2022,-17.07,2022-06-29 21:15:25,Jun. 29
Joe Biden,All polls,06-28-22,39.57,43.777328,35.362388,55.59,60.440131,50.732503,09:55:24 28 Jun 2022,-16.02,2022-06-28 09:55:24,Jun. 28
Joe Biden,All polls,06-27-22,39.58,43.819103,35.350361,55.64,60.500823,50.770989,18:04:24 27 Jun 2022,-16.05,2022-06-27 18:04:24,Jun. 27
Joe Biden,All polls,06-26-22,38.96,43.25037,34.678191,55.52,60.501883,50.532924,12:25:44 26 Jun 2022,-16.55,2022-06-26 12:25:44,Jun. 26
Joe Biden,All polls,06-24-22,38.96,43.25037,34.678191,55.52,60.501883,50.532924,17:34:24 24 Jun 2022,-16.55,2022-06-24 17:34:24,Jun. 24
Joe Biden,All polls,06-23-22,39.16,43.440531,34.884851,55.39,60.403761,50.367636,22:27:25 23 Jun 2022,-16.22,2022-06-23 22:27:25,Jun. 23
Joe Biden,All polls,06-22-22,39.29,43.566388,35.01056,55.04,60.120124,49.95905,16:20:25 22 Jun 2022,-15.75,2022-06-22 16:20:25,Jun. 22
Joe Biden,All polls,06-21-22,39.59,43.664576,35.515455,54.77,60.117297,49.422239,20:56:23 21 Jun 2022,-15.18,2022-06-21 20:56:23,Jun. 21
Joe Biden,All polls,06-20-22,39.76,43.897341,35.619856,54.21,59.757035,48.670418,09:58:02 20 Jun 2022,-14.46,2022-06-20 09:58:02,Jun. 20
Joe Biden,All polls,06-17-22,39.76,43.897341,35.619856,54.21,59.757035,48.670418,12:53:24 17 Jun 2022,-14.46,2022-06-17 12:53:24,Jun. 17
Joe Biden,All polls,06-16-22,39.93,44.096068,35.76191,54.28,59.251275,49.305476,09:34:24 16 Jun 2022,-14.35,2022-06-16 09:34:24,Jun. 16
Joe Biden,All polls,06-15-22,39.96,44.165943,35.757614,54.1,59.188996,49.01047,20:09:24 15 Jun 2022,-14.14,2022-06-15 20:09:24,Jun. 15
Joe Biden,All polls,06-14-22,39.55,43.842661,35.253733,53.89,59.290759,48.485884,19:50:24 14 Jun 2022,-14.34,2022-06-14 19:50:24,Jun. 14
Joe Biden,All polls,06-13-22,40.18,44.539976,35.810757,53.57,58.467509,48.680505,09:36:02 13 Jun 2022,-13.4,2022-06-13 09:36:02,Jun. 13
Joe Biden,All polls,06-10-22,40.18,44.539975,35.810758,53.57,58.46751,48.680503,09:39:23 10 Jun 2022,-13.4,2022-06-10 09:39:23,Jun. 10
Joe Biden,All polls,06-09-22,40.22,44.557031,35.874974,53.54,58.341478,48.731896,09:34:24  9 Jun 2022,-13.32,2022-06-09 09:34:24,Jun. 09
Joe Biden,All polls,06-08-22,40.49,45.015343,35.958732,53.56,58.557874,48.561433,19:47:23  8 Jun 2022,-13.07,2022-06-08 19:47:23,Jun. 08
Joe Biden,All polls,06-07-22,40.76,44.423142,37.103767,53.87,59.110319,48.63092,20:12:23  7 Jun 2022,-13.11,2022-06-07 20:12:23,Jun. 07
Joe Biden,All polls,06-06-22,40.79,44.542803,37.038732,53.66,58.876426,48.445599,09:15:00  6 Jun 2022,-12.87,2022-06-06 09:15:00,Jun. 06
Joe Biden,All polls,06-03-22,40.79,44.542803,37.038732,53.66,58.876426,48.445599,12:35:23  3 Jun 2022,-12.87,2022-06-03 12:35:23,Jun. 03
Joe Biden,All polls,06-02-22,40.84,44.698856,36.987993,53.88,58.371256,49.38311,09:56:23  2 Jun 2022,-13.03,2022-06-02 09:56:23,Jun. 02
Joe Biden,All polls,06-01-22,40.96,44.916898,37.008452,53.77,58.33549,49.197924,20:31:22  1 Jun 2022,-12.8,2022-06-01 20:31:22,Jun. 01
Joe Biden,All polls,05-31-22,40.84,44.857918,36.821114,54.01,58.51039,49.500885,14:35:23 31 May 2022,-13.17,2022-05-31 14:35:23,May. 31
Joe Biden,All polls,05-30-22,40.73,44.712843,36.748826,54.07,58.578203,49.571124,18:47:23 30 May 2022,-13.34,2022-05-30 18:47:23,May. 30
Joe Biden,All polls,05-27-22,40.6,44.517321,36.675422,54.18,58.691594,49.669382,12:19:25 27 May 2022,-13.58,2022-05-27 12:19:25,May. 27
Joe Biden,All polls,05-26-22,40.46,44.392069,36.521465,54.28,58.843944,49.721694,21:07:23 26 May 2022,-13.83,2022-05-26 21:07:23,May. 26
Joe Biden,All polls,05-25-22,40.92,44.904237,36.931751,54.41,59.117216,49.696291,13:29:23 25 May 2022,-13.49,2022-05-25 13:29:23,May. 25
Joe Biden,All polls,05-24-22,40.57,44.587057,36.560765,54.93,59.643415,50.213355,20:24:23 24 May 2022,-14.35,2022-05-24 20:24:23,May. 24
Joe Biden,All polls,05-23-22,41.1,45.088134,37.103264,54.48,59.237599,49.730541,21:28:23 23 May 2022,-13.39,2022-05-23 21:28:23,May. 23
Joe Biden,All polls,05-22-22,40.7,44.689559,36.710115,53.86,59.004228,48.71502,13:07:40 22 May 2022,-13.16,2022-05-22 13:07:40,May. 22
Joe Biden,All polls,05-20-22,40.7,44.689555,36.710119,53.86,59.004228,48.715019,12:59:22 20 May 2022,-13.16,2022-05-20 12:59:22,May. 20
Joe Biden,All polls,05-19-22,41.15,45.225771,37.066234,53.4,58.095738,48.70198,14:50:23 19 May 2022,-12.25,2022-05-19 14:50:23,May. 19
Joe Biden,All polls,05-18-22,41.4,45.666297,37.138142,53.01,57.744046,48.285163,14:09:22 18 May 2022,-11.61,2022-05-18 14:09:22,May. 18
Joe Biden,All polls,05-17-22,41.59,45.404702,37.7821,52.81,57.531609,48.079183,21:29:22 17 May 2022,-11.21,2022-05-17 21:29:22,May. 17
Joe Biden,All polls,05-16-22,41.57,45.308142,37.823865,52.63,57.405298,47.856198,20:06:21 16 May 2022,-11.06,2022-05-16 20:06:21,May. 16
Joe Biden,All polls,05-15-22,41.34,44.991215,37.695669,52.81,57.587127,48.029725,13:30:22 15 May 2022,-11.46,2022-05-15 13:30:22,May. 15
Joe Biden,All polls,05-13-22,41.48,45.131195,37.818932,52.56,57.340955,47.781494,09:40:22 13 May 2022,-11.09,2022-05-13 09:40:22,May. 13
Joe Biden,All polls,05-12-22,41.41,45.063272,37.75304,52.63,57.399868,47.86673,14:27:21 12 May 2022,-11.23,2022-05-12 14:27:21,May. 12
Joe Biden,All polls,05-11-22,41.66,45.277291,38.033149,52.18,56.994289,47.371316,13:49:22 11 May 2022,-10.53,2022-05-11 13:49:22,May. 11
Joe Biden,All polls,05-10-22,41.76,45.403366,38.109026,52.16,56.884777,47.440276,20:39:21 10 May 2022,-10.41,2022-05-10 20:39:21,May. 10
Joe Biden,All polls,05-09-22,42.21,45.917633,38.508935,52.38,56.655588,48.11277,09:47:37  9 May 2022,-10.17,2022-05-09 09:47:37,May. 09
Joe Biden,All polls,05-06-22,42.21,45.917633,38.508934,52.38,56.655587,48.112771,20:26:21  6 May 2022,-10.17,2022-05-06 20:26:21,May. 06
Joe Biden,All polls,05-05-22,42.17,45.802882,38.545313,52.47,56.813018,48.123814,12:28:22  5 May 2022,-10.29,2022-05-05 12:28:22,May. 05
Joe Biden,All polls,05-04-22,42.29,45.973956,38.59714,52.47,56.764282,48.181024,20:01:21  4 May 2022,-10.19,2022-05-04 20:01:21,May. 04
Joe Biden,All polls,05-03-22,42.27,46.083928,38.455925,52.19,56.306725,48.074272,20:05:20  3 May 2022,-9.92,2022-05-03 20:05:20,May. 03
Joe Biden,All polls,05-02-22,42.04,45.737067,38.340743,52.29,56.427117,48.162288,20:08:21  2 May 2022,-10.26,2022-05-02 20:08:21,May. 02
Joe Biden,All polls,05-01-22,41.82,45.499577,38.131702,52.13,56.27769,47.984797,13:25:21  1 May 2022,-10.32,2022-05-01 13:25:21,May. 01
Joe Biden,All polls,04-29-22,41.66,45.409784,37.907335,52.28,56.502911,48.048508,10:26:20 29 Apr 2022,-10.62,2022-04-29 10:26:20,Apr. 29
Joe Biden,All polls,04-28-22,41.67,45.53584,37.811683,52.52,56.820149,48.217686,15:07:21 28 Apr 2022,-10.85,2022-04-28 15:07:21,Apr. 28
Joe Biden,All polls,04-27-22,41.89,45.881388,37.897241,52.67,57.083146,48.264983,19:53:20 27 Apr 2022,-10.78,2022-04-27 19:53:20,Apr. 27
Joe Biden,All polls,04-26-22,42.03,46.106283,37.957211,53.11,57.55193,48.660967,20:32:11 26 Apr 2022,-11.07,2022-04-26 20:32:11,Apr. 26
Joe Biden,All polls,04-25-22,42.86,47.237565,38.478922,53.07,57.304539,48.842127,09:31:29 25 Apr 2022,-10.22,2022-04-25 09:31:29,Apr. 25
Joe Biden,All polls,04-22-22,42.28,46.578092,37.986888,53.02,57.614887,48.429355,14:43:20 22 Apr 2022,-10.74,2022-04-22 14:43:20,Apr. 22
Joe Biden,All polls,04-21-22,41.88,46.316089,37.447054,52.59,57.478199,47.697309,21:01:20 21 Apr 2022,-10.71,2022-04-21 21:01:20,Apr. 21
Joe Biden,All polls,04-20-22,42.32,46.996274,37.636388,51.86,57.047536,46.67837,09:52:20 20 Apr 2022,-9.55,2022-04-20 09:52:20,Apr. 20
Joe Biden,All polls,04-19-22,41.95,46.684223,37.224368,52.01,57.452187,46.576077,15:21:25 19 Apr 2022,-10.06,2022-04-19 15:21:25,Apr. 19
Joe Biden,All polls,04-18-22,42.18,46.933559,37.433498,52.78,57.655438,47.899715,09:28:30 18 Apr 2022,-10.59,2022-04-18 09:28:30,Apr. 18
Joe Biden,All polls,04-15-22,41.6,46.142072,37.051428,52.2,57.836823,46.554062,09:39:19 15 Apr 2022,-10.6,2022-04-15 09:39:19,Apr. 15
Joe Biden,All polls,04-14-22,41.53,46.065692,36.988655,52.19,57.766991,46.622971,09:46:20 14 Apr 2022,-10.67,2022-04-14 09:46:20,Apr. 14
Joe Biden,All polls,04-13-22,41.62,46.264065,36.983337,52.14,57.796679,46.483832,15:42:22 13 Apr 2022,-10.52,2022-04-13 15:42:22,Apr. 13
Joe Biden,All polls,04-12-22,42.22,46.283904,38.158547,52.17,58.016402,46.328837,09:47:19 12 Apr 2022,-9.95,2022-04-12 09:47:19,Apr. 12
Joe Biden,All polls,04-11-22,42.14,46.171687,38.11494,52.2,57.985544,46.408549,20:06:22 11 Apr 2022,-10.05,2022-04-11 20:06:22,Apr. 11
Joe Biden,All polls,04-10-22,41.76,46.004624,37.514658,52.52,57.095405,47.941777,16:06:33 10 Apr 2022,-10.76,2022-04-10 16:06:33,Apr. 10
Joe Biden,All polls,04-08-22,41.76,46.004621,37.514661,52.52,57.095408,47.941775,09:50:19  8 Apr 2022,-10.76,2022-04-08 09:50:19,Apr. 08
Joe Biden,All polls,04-07-22,41.82,46.076754,37.564744,52.46,56.940718,47.972364,22:00:22  7 Apr 2022,-10.64,2022-04-07 22:00:22,Apr. 07
Joe Biden,All polls,04-06-22,41.6,45.883725,37.321164,52.73,57.032258,48.42126,16:34:19  6 Apr 2022,-11.12,2022-04-06 16:34:19,Apr. 06
Joe Biden,All polls,04-05-22,41.39,45.826924,36.95355,52.96,57.558336,48.371343,19:57:18  5 Apr 2022,-11.57,2022-04-05 19:57:18,Apr. 05
Joe Biden,All polls,04-04-22,41.06,45.365127,36.748129,53.14,57.666442,48.619293,09:40:47  4 Apr 2022,-12.09,2022-04-04 09:40:47,Apr. 04
Joe Biden,All polls,04-01-22,41.06,45.365126,36.74813,53.14,57.666441,48.619293,10:19:19  1 Apr 2022,-12.09,2022-04-01 10:19:19,Apr. 01
Joe Biden,All polls,03-31-22,41.16,45.43222,36.88388,53.06,57.524993,48.600718,14:51:19 31 Mar 2022,-11.9,2022-03-31 14:51:19,Mar. 31
Joe Biden,All polls,03-30-22,41.26,45.657102,36.869652,53.0,57.617311,48.38849,14:06:18 30 Mar 2022,-11.74,2022-03-30 14:06:18,Mar. 30
Joe Biden,All polls,03-29-22,41.26,45.614305,36.896807,53.19,57.679557,48.709433,20:15:25 29 Mar 2022,-11.94,2022-03-29 20:15:25,Mar. 29
Joe Biden,All polls,03-28-22,41.66,46.128223,37.189175,53.07,57.709133,48.426803,20:09:19 28 Mar 2022,-11.41,2022-03-28 20:09:19,Mar. 28
Joe Biden,All polls,03-27-22,42.02,46.396968,37.63824,52.76,57.460743,48.056796,13:04:32 27 Mar 2022,-10.74,2022-03-27 13:04:32,Mar. 27
Joe Biden,All polls,03-25-22,42.02,46.396969,37.638239,52.76,57.460743,48.056795,09:42:18 25 Mar 2022,-10.74,2022-03-25 09:42:18,Mar. 25
Joe Biden,All polls,03-24-22,41.88,46.274733,37.483313,52.9,57.634667,48.16528,18:30:26 24 Mar 2022,-11.02,2022-03-24 18:30:26,Mar. 24
Joe Biden,All polls,03-23-22,41.96,46.56438,37.362803,52.45,56.930596,47.961559,20:22:17 23 Mar 2022,-10.48,2022-03-23 20:22:17,Mar. 23
Joe Biden,All polls,03-22-22,42.23,46.310173,38.143499,52.79,57.408553,48.166883,16:32:17 22 Mar 2022,-10.56,2022-03-22 16:32:17,Mar. 22
Joe Biden,All polls,03-21-22,41.98,46.118923,37.851075,53.02,57.711251,48.32056,09:32:30 21 Mar 2022,-11.03,2022-03-21 09:32:30,Mar. 21
Joe Biden,All polls,03-18-22,41.98,46.118709,37.851079,53.02,57.711647,48.320861,09:35:18 18 Mar 2022,-11.03,2022-03-18 09:35:18,Mar. 18
Joe Biden,All polls,03-17-22,42.15,46.218164,38.085898,52.9,57.460064,48.343572,11:50:18 17 Mar 2022,-10.75,2022-03-17 11:50:18,Mar. 17
Joe Biden,All polls,03-16-22,42.63,46.76959,38.484572,52.54,57.180871,47.902438,14:54:18 16 Mar 2022,-9.91,2022-03-16 14:54:18,Mar. 16
Joe Biden,All polls,03-15-22,42.78,46.895377,38.670095,52.49,57.289105,47.694861,21:03:17 15 Mar 2022,-9.71,2022-03-15 21:03:17,Mar. 15
Joe Biden,All polls,03-14-22,42.91,47.293153,38.527174,51.99,57.130943,46.847728,21:52:17 14 Mar 2022,-9.08,2022-03-14 21:52:17,Mar. 14
Joe Biden,All polls,03-13-22,42.72,47.112319,38.328278,51.28,56.349131,46.208382,15:16:29 13 Mar 2022,-8.56,2022-03-13 15:16:29,Mar. 13
Joe Biden,All polls,03-11-22,42.72,47.112321,38.328277,51.28,56.34913,46.208383,09:49:17 11 Mar 2022,-8.56,2022-03-11 09:49:17,Mar. 11
Joe Biden,All polls,03-10-22,42.23,46.792479,37.674715,51.6,56.824222,46.371261,21:46:16 10 Mar 2022,-9.36,2022-03-10 21:46:16,Mar. 10
Joe Biden,All polls,03-09-22,42.65,47.218856,38.090543,51.37,56.488582,46.2544,11:18:16  9 Mar 2022,-8.72,2022-03-09 11:18:16,Mar. 09
Joe Biden,All polls,03-08-22,42.62,47.291789,37.95645,51.65,56.768342,46.540298,19:38:16  8 Mar 2022,-9.03,2022-03-08 19:38:16,Mar. 08
Joe Biden,All polls,03-07-22,42.57,46.904231,38.237858,52.37,57.194807,47.55096,08:58:40  7 Mar 2022,-9.8,2022-03-07 08:58:40,Mar. 07
Joe Biden,All polls,03-04-22,42.57,46.90423,38.237859,52.37,57.194809,47.550958,12:25:16  4 Mar 2022,-9.8,2022-03-04 12:25:16,Mar. 04
Joe Biden,All polls,03-03-22,41.63,45.686017,37.580272,52.87,57.706461,48.035558,10:01:16  3 Mar 2022,-11.24,2022-03-03 10:01:16,Mar. 03
Joe Biden,All polls,03-02-22,41.49,45.554265,37.418656,53.08,57.960729,48.208965,21:33:16  2 Mar 2022,-11.6,2022-03-02 21:33:16,Mar. 02
Joe Biden,All polls,03-01-22,41.08,45.224259,36.936335,53.56,58.386286,48.742895,20:24:16  1 Mar 2022,-12.48,2022-03-01 20:24:16,Mar. 01
Joe Biden,All polls,02-28-22,40.91,45.00819,36.82162,53.26,58.13985,48.3725,17:03:08 28 Feb 2022,-12.34,2022-02-28 17:03:08,Feb. 28
Joe Biden,All polls,02-27-22,40.83,44.854509,36.804949,53.2,58.360925,48.04897,13:01:33 27 Feb 2022,-12.38,2022-02-27 13:01:33,Feb. 27
Joe Biden,All polls,02-25-22,40.83,44.85451,36.804949,53.2,58.360924,48.048971,16:28:16 25 Feb 2022,-12.38,2022-02-25 16:28:16,Feb. 25
Joe Biden,All polls,02-24-22,42.06,45.962954,38.154716,52.7,58.083607,47.307598,21:56:17 24 Feb 2022,-10.64,2022-02-24 21:56:17,Feb. 24
Joe Biden,All polls,02-23-22,42.39,46.65647,38.11755,52.67,57.446388,47.884619,15:34:16 23 Feb 2022,-10.28,2022-02-23 15:34:16,Feb. 23
Joe Biden,All polls,02-22-22,41.82,46.12326,37.513649,53.61,58.587615,48.63776,09:09:29 22 Feb 2022,-11.79,2022-02-22 09:09:29,Feb. 22
Joe Biden,All polls,02-20-22,41.55,45.870104,37.232848,53.11,58.075253,48.149668,13:15:28 20 Feb 2022,-11.56,2022-02-20 13:15:28,Feb. 20
Joe Biden,All polls,02-18-22,41.55,45.870103,37.232849,53.11,58.075255,48.149666,13:15:17 18 Feb 2022,-11.56,2022-02-18 13:15:17,Feb. 18
Joe Biden,All polls,02-17-22,41.41,45.786576,37.032639,52.99,57.836258,48.152687,14:52:26 17 Feb 2022,-11.58,2022-02-17 14:52:26,Feb. 17
Joe Biden,All polls,02-16-22,41.39,45.861882,36.922786,53.03,57.885694,48.172307,14:03:16 16 Feb 2022,-11.64,2022-02-16 14:03:16,Feb. 16
Joe Biden,All polls,02-15-22,41.78,45.793561,37.771373,53.05,58.080048,48.026994,20:46:17 15 Feb 2022,-11.27,2022-02-15 20:46:17,Feb. 15
Joe Biden,All polls,02-14-22,41.88,45.773132,37.992638,53.06,57.849871,48.260447,09:39:16 14 Feb 2022,-11.17,2022-02-14 09:39:16,Feb. 14
Joe Biden,All polls,02-13-22,41.41,45.251276,37.561942,52.53,57.216793,47.835724,13:12:28 13 Feb 2022,-11.12,2022-02-13 13:12:28,Feb. 13
Joe Biden,All polls,02-11-22,41.41,45.251276,37.561942,52.53,57.216792,47.835724,13:21:15 11 Feb 2022,-11.12,2022-02-11 13:21:15,Feb. 11
Joe Biden,All polls,02-10-22,41.25,45.17389,37.332796,52.58,57.325271,47.840421,16:31:17 10 Feb 2022,-11.33,2022-02-10 16:31:17,Feb. 10
Joe Biden,All polls,02-09-22,41.32,45.320664,37.319853,52.59,57.453151,47.717036,21:39:15  9 Feb 2022,-11.26,2022-02-09 21:39:15,Feb. 09
Joe Biden,All polls,02-08-22,41.2,45.318025,37.091705,52.79,57.812297,47.771792,19:56:16  8 Feb 2022,-11.59,2022-02-08 19:56:16,Feb. 08
Joe Biden,All polls,02-07-22,41.67,45.783273,37.554878,52.84,57.657767,48.021572,09:45:38  7 Feb 2022,-11.17,2022-02-07 09:45:38,Feb. 07
Joe Biden,All polls,02-04-22,41.67,45.783273,37.554879,52.84,57.657767,48.021573,09:34:16  4 Feb 2022,-11.17,2022-02-04 09:34:16,Feb. 04
Joe Biden,All polls,02-03-22,41.52,45.643401,37.392768,52.99,57.877959,48.105293,20:47:16  3 Feb 2022,-11.47,2022-02-03 20:47:16,Feb. 03
Joe Biden,All polls,02-02-22,41.77,46.025826,37.511571,52.59,57.609997,47.570347,14:50:16  2 Feb 2022,-10.82,2022-02-02 14:50:16,Feb. 02
Joe Biden,All polls,02-01-22,41.67,46.025838,37.309141,53.18,58.035676,48.323908,11:28:15  1 Feb 2022,-11.51,2022-02-01 11:28:15,Feb. 01
Joe Biden,All polls,01-31-22,41.78,46.089283,37.464412,53.06,57.750377,48.361386,09:46:26 31 Jan 2022,-11.28,2022-01-31 09:46:26,Jan. 31
Joe Biden,All polls,01-29-22,41.78,46.089284,37.46441,53.06,57.750375,48.361388,20:44:16 29 Jan 2022,-11.28,2022-01-29 20:44:16,Jan. 29
Joe Biden,All polls,01-28-22,41.77,46.126771,37.407193,52.95,57.662641,48.231888,14:12:16 28 Jan 2022,-11.18,2022-01-28 14:12:16,Jan. 28
Joe Biden,All polls,01-27-22,41.84,46.335289,37.354399,53.18,57.914117,48.448318,20:52:15 27 Jan 2022,-11.34,2022-01-27 20:52:15,Jan. 27
Joe Biden,All polls,01-26-22,41.22,45.618493,36.82275,53.67,58.551024,48.793339,18:51:15 26 Jan 2022,-12.45,2022-01-26 18:51:15,Jan. 26
Joe Biden,All polls,01-25-22,41.46,45.753642,37.171153,53.91,58.872506,48.943794,14:31:15 25 Jan 2022,-12.45,2022-01-25 14:31:15,Jan. 25
Joe Biden,All polls,01-24-22,41.29,45.711148,36.878564,53.51,58.533505,48.496371,19:55:15 24 Jan 2022,-12.22,2022-01-24 19:55:15,Jan. 24
Joe Biden,All polls,01-23-22,41.89,46.181036,37.589212,53.53,58.846472,48.220741,12:42:25 23 Jan 2022,-11.65,2022-01-23 12:42:25,Jan. 23
Joe Biden,All polls,01-21-22,41.89,46.181036,37.589212,53.53,58.846472,48.22074,09:40:16 21 Jan 2022,-11.65,2022-01-21 09:40:16,Jan. 21
Joe Biden,All polls,01-20-22,41.86,46.25551,37.472613,53.41,58.832942,47.987655,21:04:15 20 Jan 2022,-11.55,2022-01-20 21:04:15,Jan. 20
Joe Biden,All polls,01-19-22,41.89,46.639645,37.148768,52.52,58.250367,46.797626,17:31:15 19 Jan 2022,-10.63,2022-01-19 17:31:15,Jan. 19
Joe Biden,All polls,01-18-22,42.28,47.168263,37.399491,52.45,58.254365,46.638501,20:35:15 18 Jan 2022,-10.16,2022-01-18 20:35:15,Jan. 18
Joe Biden,All polls,01-17-22,42.51,47.609423,37.415931,52.15,57.960332,46.339524,12:18:14 17 Jan 2022,-9.64,2022-01-17 12:18:14,Jan. 17
Joe Biden,All polls,01-16-22,42.19,47.379959,37.003116,51.48,57.131323,45.825023,13:18:24 16 Jan 2022,-9.29,2022-01-16 13:18:24,Jan. 16
Joe Biden,All polls,01-14-22,42.19,47.379959,37.003116,51.48,57.131322,45.825024,14:09:15 14 Jan 2022,-9.29,2022-01-14 14:09:15,Jan. 14
Joe Biden,All polls,01-13-22,42.39,47.660928,37.121459,51.38,57.001789,45.755569,20:36:14 13 Jan 2022,-8.99,2022-01-13 20:36:14,Jan. 13
Joe Biden,All polls,01-12-22,42.23,47.520817,36.940212,51.62,57.258056,45.976496,14:17:15 12 Jan 2022,-9.39,2022-01-12 14:17:15,Jan. 12
Joe Biden,All polls,01-11-22,43.04,47.234924,38.840745,51.58,57.639352,45.525602,09:54:14 11 Jan 2022,-8.54,2022-01-11 09:54:14,Jan. 11
Joe Biden,All polls,01-10-22,42.88,47.242636,38.516468,51.85,57.04866,46.654601,09:32:33 10 Jan 2022,-8.97,2022-01-10 09:32:33,Jan. 10
Joe Biden,All polls,01-07-22,42.88,47.242636,38.516468,51.85,57.04866,46.654601,10:50:15  7 Jan 2022,-8.97,2022-01-07 10:50:15,Jan. 07
Joe Biden,All polls,01-06-22,42.9,47.292676,38.501744,51.72,56.950278,46.496444,16:19:14  6 Jan 2022,-8.83,2022-01-06 16:19:14,Jan. 06
Joe Biden,All polls,01-05-22,43.09,47.769845,38.416848,51.58,56.960299,46.200476,11:52:14  5 Jan 2022,-8.49,2022-01-05 11:52:14,Jan. 05
Joe Biden,All polls,01-04-22,43.29,48.151265,38.432278,51.69,57.151198,46.220592,14:18:14  4 Jan 2022,-8.39,2022-01-04 14:18:14,Jan. 04
Joe Biden,All polls,01-03-22,43.35,47.923465,38.772688,51.6,57.13436,46.066152,09:43:31  3 Jan 2022,-8.25,2022-01-03 09:43:31,Jan. 03
Joe Biden,All polls,12-31-21,43.34,47.919238,38.768942,51.6,57.13839,46.070073,09:12:14 31 Dec 2021,-8.26,2021-12-31 09:12:14,Dec. 31
Joe Biden,All polls,12-30-21,43.37,47.938583,38.800847,51.57,57.041282,46.100017,09:43:13 30 Dec 2021,-8.2,2021-12-30 09:43:13,Dec. 30
Joe Biden,All polls,12-29-21,43.11,47.640352,38.570682,51.75,57.320214,46.181051,09:33:14 29 Dec 2021,-8.65,2021-12-29 09:33:14,Dec. 29
Joe Biden,All polls,12-28-21,43.08,47.605901,38.546116,51.75,57.205542,46.285018,09:38:15 28 Dec 2021,-8.67,2021-12-28 09:38:15,Dec. 28
Joe Biden,All polls,12-27-21,43.26,47.754745,38.756954,51.54,56.872678,46.214594,08:50:41 27 Dec 2021,-8.29,2021-12-27 08:50:41,Dec. 27
Joe Biden,All polls,12-23-21,43.26,47.754746,38.756953,51.54,56.872678,46.214594,15:05:14 23 Dec 2021,-8.29,2021-12-23 15:05:14,Dec. 23
Joe Biden,All polls,12-22-21,43.39,47.918782,38.869142,51.44,56.700127,46.175106,12:21:14 22 Dec 2021,-8.04,2021-12-22 12:21:14,Dec. 22
Joe Biden,All polls,12-21-21,43.66,48.167267,39.161235,51.75,56.896447,46.60646,20:53:13 21 Dec 2021,-8.09,2021-12-21 20:53:13,Dec. 21
Joe Biden,All polls,12-20-21,43.93,48.73667,39.124289,50.53,55.718758,45.338054,09:28:30 20 Dec 2021,-6.6,2021-12-20 09:28:30,Dec. 20
Joe Biden,All polls,12-17-21,43.93,48.736675,39.124284,50.53,55.718758,45.338055,16:48:13 17 Dec 2021,-6.6,2021-12-17 16:48:13,Dec. 17
Joe Biden,All polls,12-16-21,43.71,48.46924,38.940894,50.74,55.771966,45.709385,15:07:13 16 Dec 2021,-7.04,2021-12-16 15:07:13,Dec. 16
Joe Biden,All polls,12-15-21,43.84,48.610063,39.064745,50.64,55.566232,45.705979,20:27:13 15 Dec 2021,-6.8,2021-12-15 20:27:13,Dec. 15
Joe Biden,All polls,12-14-21,43.33,48.090646,38.572004,50.72,56.052295,45.385485,14:02:14 14 Dec 2021,-7.39,2021-12-14 14:02:14,Dec. 14
Joe Biden,All polls,12-13-21,43.03,47.658713,38.391478,50.68,56.022878,45.330925,09:38:29 13 Dec 2021,-7.65,2021-12-13 09:38:29,Dec. 13
Joe Biden,All polls,12-10-21,43.03,47.65871,38.391481,50.68,56.022881,45.330922,21:00:18 10 Dec 2021,-7.65,2021-12-10 21:00:18,Dec. 10
Joe Biden,All polls,12-09-21,42.57,47.018086,38.117931,50.99,56.36952,45.608487,13:02:13  9 Dec 2021,-8.42,2021-12-09 13:02:13,Dec. 09
Joe Biden,All polls,12-08-21,42.52,46.782776,38.262547,51.33,57.009081,45.650313,11:56:12  8 Dec 2021,-8.81,2021-12-08 11:56:12,Dec. 08
Joe Biden,All polls,12-07-21,42.82,47.015478,38.626832,51.27,57.213313,45.332729,20:13:13  7 Dec 2021,-8.45,2021-12-07 20:13:13,Dec. 07
Joe Biden,All polls,12-06-21,42.61,47.088182,38.126217,51.64,57.052333,46.234954,09:39:28  6 Dec 2021,-9.04,2021-12-06 09:39:28,Dec. 06
Joe Biden,All polls,12-03-21,42.61,47.088179,38.126221,51.64,57.052333,46.234954,09:31:13  3 Dec 2021,-9.04,2021-12-03 09:31:13,Dec. 03
Joe Biden,All polls,12-02-21,42.62,47.120686,38.111762,51.62,56.985422,46.255386,21:34:13  2 Dec 2021,-9.0,2021-12-02 21:34:13,Dec. 02
Joe Biden,All polls,12-01-21,42.35,46.893439,37.805337,51.49,57.018425,45.961366,13:15:13  1 Dec 2021,-9.14,2021-12-01 13:15:13,Dec. 01
Joe Biden,All polls,11-30-21,42.87,47.169147,38.570598,51.28,56.438589,46.131029,20:29:25 30 Nov 2021,-8.41,2021-11-30 20:29:25,Nov. 30
Joe Biden,All polls,11-29-21,42.87,47.170502,38.559504,51.81,56.675615,46.936594,09:17:43 29 Nov 2021,-8.94,2021-11-29 09:17:43,Nov. 29
Joe Biden,All polls,11-24-21,42.87,47.170502,38.559504,51.81,56.675615,46.936594,11:41:12 24 Nov 2021,-8.94,2021-11-24 11:41:12,Nov. 24
Joe Biden,All polls,11-23-21,42.9,47.377148,38.428926,52.27,57.162894,47.376748,20:21:12 23 Nov 2021,-9.37,2021-11-23 20:21:12,Nov. 23
Joe Biden,All polls,11-22-21,42.76,47.338815,38.186659,52.24,57.245516,47.236133,14:23:12 22 Nov 2021,-9.48,2021-11-22 14:23:12,Nov. 22
Joe Biden,All polls,11-21-21,42.53,47.168273,37.883969,51.78,56.738722,46.811863,13:25:20 21 Nov 2021,-9.25,2021-11-21 13:25:20,Nov. 21
Joe Biden,All polls,11-19-21,42.53,47.168274,37.883969,51.78,56.738725,46.81186,14:55:13 19 Nov 2021,-9.25,2021-11-19 14:55:13,Nov. 19
Joe Biden,All polls,11-18-21,42.48,47.209813,37.756804,51.69,56.720829,46.652568,21:20:13 18 Nov 2021,-9.2,2021-11-18 21:20:13,Nov. 18
Joe Biden,All polls,11-17-21,42.96,47.299584,38.614097,51.6,56.716966,46.479718,09:39:12 17 Nov 2021,-8.64,2021-11-17 09:39:12,Nov. 17
Joe Biden,All polls,11-16-21,42.84,47.296209,38.375824,51.66,56.73299,46.596068,09:42:12 16 Nov 2021,-8.83,2021-11-16 09:42:12,Nov. 16
Joe Biden,All polls,11-15-21,42.91,47.378084,38.44616,51.61,56.64954,46.568597,20:17:12 15 Nov 2021,-8.7,2021-11-15 20:17:12,Nov. 15
Joe Biden,All polls,11-14-21,42.81,47.373799,38.247982,51.44,56.635982,46.234399,13:13:19 14 Nov 2021,-8.62,2021-11-14 13:13:19,Nov. 14
Joe Biden,All polls,11-12-21,42.81,47.373795,38.247986,51.44,56.635982,46.234398,16:09:11 12 Nov 2021,-8.62,2021-11-12 16:09:11,Nov. 12
Joe Biden,All polls,11-11-21,42.54,47.083382,37.994136,51.59,56.858479,46.316784,12:28:11 11 Nov 2021,-9.05,2021-11-11 12:28:11,Nov. 11
Joe Biden,All polls,11-10-21,42.65,47.337107,37.965139,51.34,56.725778,45.94937,20:20:13 10 Nov 2021,-8.69,2021-11-10 20:20:13,Nov. 10
Joe Biden,All polls,11-09-21,42.84,47.492442,38.191814,51.58,57.214309,45.939907,09:39:12  9 Nov 2021,-8.73,2021-11-09 09:39:12,Nov. 09
Joe Biden,All polls,11-08-21,42.75,47.395607,38.106834,51.25,56.824881,45.685019,12:50:12  8 Nov 2021,-8.5,2021-11-08 12:50:12,Nov. 08
Joe Biden,All polls,11-07-21,42.93,47.343508,38.524757,50.4,55.533242,45.265613,13:54:22  7 Nov 2021,-7.47,2021-11-07 13:54:22,Nov. 07
Joe Biden,All polls,11-05-21,42.93,47.343508,38.524757,50.4,55.533242,45.265613,13:00:17  5 Nov 2021,-7.47,2021-11-05 13:00:17,Nov. 05
Joe Biden,All polls,11-04-21,43.04,47.553906,38.525183,50.38,55.638125,45.116119,20:33:23  4 Nov 2021,-7.34,2021-11-04 20:33:23,Nov. 04
Joe Biden,All polls,11-03-21,42.91,47.350679,38.465238,50.72,55.933161,45.508282,11:58:11  3 Nov 2021,-7.81,2021-11-03 11:58:11,Nov. 03
Joe Biden,All polls,11-02-21,42.81,47.28708,38.32593,50.81,56.13243,45.48125,11:58:12  2 Nov 2021,-8.0,2021-11-02 11:58:12,Nov. 02
Joe Biden,All polls,11-01-21,42.87,47.37774,38.37115,50.73,56.12373,45.3353,13:58:11  1 Nov 2021,-7.86,2021-11-01 13:58:11,Nov. 01
Joe Biden,All polls,10-31-21,43.02,47.39532,38.6443,51.21,56.44773,45.96397,12:39:11 31 Oct 2021,-8.19,2021-10-31 12:39:11,Oct. 31
Joe Biden,All polls,10-30-21,43.03,47.4591,38.60166,50.98,56.26618,45.70052,10:46:11 30 Oct 2021,-7.95,2021-10-30 10:46:11,Oct. 30
Joe Biden,All polls,10-29-21,43.06,47.54195,38.58621,50.83,56.16839,45.49226,13:50:11 29 Oct 2021,-7.77,2021-10-29 13:50:11,Oct. 29
Joe Biden,All polls,10-28-21,43.67,48.2559,39.08013,51.11,56.443,45.785,21:13:11 28 Oct 2021,-7.45,2021-10-28 21:13:11,Oct. 28
Joe Biden,All polls,10-27-21,43.59,48.31599,38.86977,50.81,56.51059,45.11251,18:12:00 27 Oct 2021,-7.22,2021-10-27 18:12:00,Oct. 27
Joseph R. Biden Jr.,All polls,10-26-21,43.44,48.26361,38.61523,50.88,56.633558,45.124885,09:40:11 26 Oct 2021,-7.44,2021-10-26 09:40:11,Oct. 26
Joseph R. Biden Jr.,All polls,10-25-21,43.37,48.310114,38.425313,50.66,56.49928,44.827994,09:47:23 25 Oct 2021,-7.3,2021-10-25 09:47:23,Oct. 25
Joseph R. Biden Jr.,All polls,10-22-21,43.37,48.310113,38.425315,50.66,56.499281,44.827993,20:48:09 22 Oct 2021,-7.3,2021-10-22 20:48:09,Oct. 22
Joseph R. Biden Jr.,All polls,10-21-21,43.68,48.640731,38.715668,50.03,55.64622,44.417385,17:15:12 21 Oct 2021,-6.35,2021-10-21 17:15:12,Oct. 21
Joseph R. Biden Jr.,All polls,10-20-21,43.76,48.92524,38.586069,50.49,55.998841,44.987378,20:39:09 20 Oct 2021,-6.74,2021-10-20 20:39:09,Oct. 20
Joseph R. Biden Jr.,All polls,10-19-21,44.14,49.476464,38.793901,49.88,55.826772,43.925238,16:01:10 19 Oct 2021,-5.74,2021-10-19 16:01:10,Oct. 19
Joseph R. Biden Jr.,All polls,10-18-21,44.84,49.698968,39.971433,49.53,55.720313,43.334947,09:16:23 18 Oct 2021,-4.69,2021-10-18 09:16:23,Oct. 18
Joseph R. Biden Jr.,All polls,10-15-21,44.84,49.698968,39.971433,49.53,55.720313,43.334947,13:12:11 15 Oct 2021,-4.69,2021-10-15 13:12:11,Oct. 15
Joseph R. Biden Jr.,All polls,10-14-21,44.68,49.607911,39.754179,49.61,55.858775,43.3657,21:09:10 14 Oct 2021,-4.93,2021-10-14 21:09:10,Oct. 14
Joseph R. Biden Jr.,All polls,10-13-21,44.63,49.635022,39.621538,49.59,55.911377,43.261843,12:47:10 13 Oct 2021,-4.96,2021-10-13 12:47:10,Oct. 13
Joseph R. Biden Jr.,All polls,10-12-21,44.53,49.511127,39.543376,49.18,55.799055,42.555614,09:33:11 12 Oct 2021,-4.65,2021-10-12 09:33:11,Oct. 12
Joseph R. Biden Jr.,All polls,10-11-21,44.59,49.541046,39.630488,49.2,55.798628,42.597494,14:30:13 11 Oct 2021,-4.61,2021-10-11 14:30:13,Oct. 11
Joseph R. Biden Jr.,All polls,10-10-21,43.95,48.676896,39.229741,48.9,55.469249,42.33542,12:59:15 10 Oct 2021,-4.95,2021-10-10 12:59:15,Oct. 10
Joseph R. Biden Jr.,All polls,10-08-21,43.95,48.676896,39.229741,48.9,55.469249,42.33542,14:03:11  8 Oct 2021,-4.95,2021-10-08 14:03:11,Oct. 08
Joseph R. Biden Jr.,All polls,10-07-21,44.35,48.995211,39.706237,48.23,54.593738,41.870766,21:01:10  7 Oct 2021,-3.88,2021-10-07 21:01:10,Oct. 07
Joseph R. Biden Jr.,All polls,10-06-21,44.14,48.823562,39.462535,48.81,54.767054,42.85652,20:00:11  6 Oct 2021,-4.67,2021-10-06 20:00:11,Oct. 06
Joseph R. Biden Jr.,All polls,10-05-21,44.77,49.060815,40.484226,47.97,54.166434,41.764327,20:25:09  5 Oct 2021,-3.19,2021-10-05 20:25:09,Oct. 05
Joseph R. Biden Jr.,All polls,10-04-21,44.82,49.089776,40.544748,47.85,54.00567,41.686673,13:15:09  4 Oct 2021,-3.03,2021-10-04 13:15:09,Oct. 04
Joseph R. Biden Jr.,All polls,10-03-21,44.97,49.438682,40.507146,48.7,54.313456,43.088347,20:34:15  3 Oct 2021,-3.73,2021-10-03 20:34:15,Oct. 03
Joseph R. Biden Jr.,All polls,10-01-21,44.97,49.438682,40.507146,48.7,54.313456,43.088347,10:23:09  1 Oct 2021,-3.73,2021-10-01 10:23:09,Oct. 01
Joseph R. Biden Jr.,All polls,09-30-21,44.88,49.233937,40.52163,48.69,54.399315,42.974184,23:12:10 30 Sep 2021,-3.81,2021-09-30 23:12:10,Sep. 30
Joseph R. Biden Jr.,All polls,09-29-21,44.93,49.426669,40.429155,48.97,54.782887,43.151226,09:51:08 29 Sep 2021,-4.04,2021-09-29 09:51:08,Sep. 29
Joseph R. Biden Jr.,All polls,09-28-21,45.3,49.713487,40.888006,48.89,54.973453,42.809083,09:39:10 28 Sep 2021,-3.59,2021-09-28 09:39:10,Sep. 28
Joseph R. Biden Jr.,All polls,09-27-21,45.63,49.935853,41.33219,49.04,54.759084,43.320016,09:35:46 27 Sep 2021,-3.41,2021-09-27 09:35:46,Sep. 27
Joseph R. Biden Jr.,All polls,09-24-21,45.63,49.935638,41.332243,49.04,54.759062,43.319678,14:49:08 24 Sep 2021,-3.41,2021-09-24 14:49:08,Sep. 24
Joseph R. Biden Jr.,All polls,09-23-21,45.79,49.956966,41.616289,48.71,54.402642,43.015612,14:35:08 23 Sep 2021,-2.92,2021-09-23 14:35:08,Sep. 23
Joseph R. Biden Jr.,All polls,09-22-21,46.33,50.680866,41.973425,48.95,53.964711,43.941413,17:27:09 22 Sep 2021,-2.63,2021-09-22 17:27:09,Sep. 22
Joseph R. Biden Jr.,All polls,09-21-21,46.51,51.044045,41.972482,48.92,54.004222,43.84089,16:18:09 21 Sep 2021,-2.41,2021-09-21 16:18:09,Sep. 21
Joseph R. Biden Jr.,All polls,09-20-21,46.0,50.210283,41.799518,49.17,54.213578,44.128973,13:32:09 20 Sep 2021,-3.17,2021-09-20 13:32:09,Sep. 20
Joseph R. Biden Jr.,All polls,09-19-21,45.68,49.757905,41.59917,48.81,54.053601,43.570635,13:37:12 19 Sep 2021,-3.13,2021-09-19 13:37:12,Sep. 19
Joseph R. Biden Jr.,All polls,09-17-21,45.68,49.757896,41.59918,48.81,54.053602,43.570634,13:01:54 17 Sep 2021,-3.13,2021-09-17 13:01:54,Sep. 17
Joseph R. Biden Jr.,All polls,09-16-21,45.69,49.753436,41.622746,48.78,54.016228,43.542712,19:01:08 16 Sep 2021,-3.09,2021-09-16 19:01:08,Sep. 16
Joseph R. Biden Jr.,All polls,09-15-21,46.0,50.222069,41.771945,49.3,54.538359,44.071015,14:20:09 15 Sep 2021,-3.31,2021-09-15 14:20:09,Sep. 15
Joseph R. Biden Jr.,All polls,09-14-21,45.89,50.21377,41.569184,49.2,54.533794,43.868006,14:59:08 14 Sep 2021,-3.31,2021-09-14 14:59:08,Sep. 14
Joseph R. Biden Jr.,All polls,09-13-21,45.84,50.255546,41.417879,48.63,54.33488,42.917731,08:56:17 13 Sep 2021,-2.79,2021-09-13 08:56:17,Sep. 13
Joseph R. Biden Jr.,All polls,09-10-21,45.84,50.255235,41.420725,48.62,54.336966,42.906379,18:35:08 10 Sep 2021,-2.78,2021-09-10 18:35:08,Sep. 10
Joseph R. Biden Jr.,All polls,09-09-21,45.22,49.62961,40.802033,47.9,53.611968,42.190663,21:02:09  9 Sep 2021,-2.69,2021-09-09 21:02:09,Sep. 09
Joseph R. Biden Jr.,All polls,09-08-21,44.97,49.529698,40.403319,49.06,54.110919,44.018222,09:25:08  8 Sep 2021,-4.1,2021-09-08 09:25:08,Sep. 08
Joseph R. Biden Jr.,All polls,09-07-21,45.34,49.665888,41.009534,48.98,54.067541,43.898258,18:34:09  7 Sep 2021,-3.65,2021-09-07 18:34:09,Sep. 07
Joseph R. Biden Jr.,All polls,09-06-21,45.92,50.459802,41.387327,48.44,53.53126,43.340788,09:56:17  6 Sep 2021,-2.51,2021-09-06 09:56:17,Sep. 06
Joseph R. Biden Jr.,All polls,09-03-21,45.92,50.461527,41.388014,48.44,53.530981,43.340758,10:34:08  3 Sep 2021,-2.51,2021-09-03 10:34:08,Sep. 03
Joseph R. Biden Jr.,All polls,09-02-21,46.21,50.920457,41.495584,47.99,53.289042,42.700941,20:05:09  2 Sep 2021,-1.79,2021-09-02 20:05:09,Sep. 02
Joseph R. Biden Jr.,All polls,09-01-21,46.65,51.448901,41.856485,47.61,53.152629,42.068382,21:04:08  1 Sep 2021,-0.96,2021-09-01 21:04:08,Sep. 01
Joseph R. Biden Jr.,All polls,08-31-21,46.98,51.778096,42.172453,47.65,53.094196,42.202095,21:06:08 31 Aug 2021,-0.67,2021-08-31 21:06:08,Aug. 31
Joseph R. Biden Jr.,All polls,08-30-21,47.24,51.960841,42.520104,46.95,52.440468,41.450867,08:13:16 30 Aug 2021,0.29,2021-08-30 08:13:16,Aug. 30
Joseph R. Biden Jr.,All polls,08-27-21,47.24,51.960843,42.520102,46.95,52.440467,41.450868,09:39:08 27 Aug 2021,0.29,2021-08-27 09:39:08,Aug. 27
Joseph R. Biden Jr.,All polls,08-26-21,47.18,51.93215,42.435785,47.04,52.590788,41.49477,20:26:08 26 Aug 2021,0.14,2021-08-26 20:26:08,Aug. 26
Joseph R. Biden Jr.,All polls,08-25-21,47.59,52.406054,42.779797,46.94,52.563472,41.307489,10:29:07 25 Aug 2021,0.66,2021-08-25 10:29:07,Aug. 25
Joseph R. Biden Jr.,All polls,08-24-21,47.64,52.508953,42.769623,47.0,52.664487,41.34421,19:09:07 24 Aug 2021,0.63,2021-08-24 19:09:07,Aug. 24
Joseph R. Biden Jr.,All polls,08-23-21,48.49,52.799412,44.182423,45.95,51.058163,40.836841,15:00:10 23 Aug 2021,2.54,2021-08-23 15:00:10,Aug. 23
Joseph R. Biden Jr.,All polls,08-22-21,49.38,53.847657,44.905331,46.24,51.440998,41.038227,09:28:07 22 Aug 2021,3.14,2021-08-22 09:28:07,Aug. 22
Joseph R. Biden Jr.,All polls,08-21-21,49.02,53.667148,44.368319,45.46,50.665773,40.251642,14:36:08 21 Aug 2021,3.56,2021-08-21 14:36:08,Aug. 21
Joseph R. Biden Jr.,All polls,08-20-21,48.94,53.51432,44.372646,45.24,50.567065,39.917026,17:28:08 20 Aug 2021,3.7,2021-08-20 17:28:08,Aug. 20
Joseph R. Biden Jr.,All polls,08-19-21,49.11,53.847317,44.363459,44.54,50.048443,39.033015,16:39:07 19 Aug 2021,4.56,2021-08-19 16:39:07,Aug. 19
Joseph R. Biden Jr.,All polls,08-18-21,49.33,54.151999,44.506147,44.47,50.046185,38.891111,18:34:07 18 Aug 2021,4.86,2021-08-18 18:34:07,Aug. 18
Joseph R. Biden Jr.,All polls,08-17-21,49.76,54.472617,45.046463,44.03,49.646598,38.404258,20:18:07 17 Aug 2021,5.73,2021-08-17 20:18:07,Aug. 17
Joseph R. Biden Jr.,All polls,08-16-21,49.97,54.625997,45.307378,43.75,49.286955,38.22209,09:37:16 16 Aug 2021,6.21,2021-08-16 09:37:16,Aug. 16
Joseph R. Biden Jr.,All polls,08-13-21,49.97,54.625997,45.307378,43.75,49.286955,38.22209,19:08:07 13 Aug 2021,6.21,2021-08-13 19:08:07,Aug. 13
Joseph R. Biden Jr.,All polls,08-12-21,50.19,54.799954,45.584072,43.49,49.011582,37.96086,19:50:08 12 Aug 2021,6.71,2021-08-12 19:50:08,Aug. 12
Joseph R. Biden Jr.,All polls,08-11-21,50.32,55.021784,45.62214,43.3,48.70708,37.891116,18:36:07 11 Aug 2021,7.02,2021-08-11 18:36:07,Aug. 11
Joseph R. Biden Jr.,All polls,08-10-21,50.43,55.143012,45.711218,43.14,48.614506,37.660573,20:19:07 10 Aug 2021,7.29,2021-08-10 20:19:07,Aug. 10
Joseph R. Biden Jr.,All polls,08-09-21,50.25,54.933357,45.56471,43.3,48.707599,37.889515,09:34:14  9 Aug 2021,6.95,2021-08-09 09:34:14,Aug. 09
Joseph R. Biden Jr.,All polls,08-06-21,50.25,54.933357,45.56471,43.3,48.707599,37.889515,21:05:06  6 Aug 2021,6.95,2021-08-06 21:05:06,Aug. 06
Joseph R. Biden Jr.,All polls,08-05-21,50.21,54.912868,45.515509,43.35,48.700659,37.993856,21:00:09  5 Aug 2021,6.87,2021-08-05 21:00:09,Aug. 05
Joseph R. Biden Jr.,All polls,08-04-21,50.58,55.519107,45.638769,43.04,48.528797,37.559762,14:15:08  4 Aug 2021,7.53,2021-08-04 14:15:08,Aug. 04
Joseph R. Biden Jr.,All polls,08-03-21,50.89,55.635464,46.151544,42.89,48.646707,37.129405,12:30:10  3 Aug 2021,8.01,2021-08-03 12:30:10,Aug. 03
Joseph R. Biden Jr.,All polls,08-02-21,51.48,56.784669,46.174744,43.41,48.416084,38.401592,09:30:16  2 Aug 2021,8.07,2021-08-02 09:30:16,Aug. 02
Joseph R. Biden Jr.,All polls,07-30-21,51.48,56.784669,46.174744,43.41,48.416084,38.401592,09:30:08 30 Jul 2021,8.07,2021-07-30 09:30:08,Jul. 30
Joseph R. Biden Jr.,All polls,07-29-21,51.51,56.80534,46.214132,43.39,48.315751,38.456746,21:40:08 29 Jul 2021,8.12,2021-07-29 21:40:08,Jul. 29
Joseph R. Biden Jr.,All polls,07-28-21,51.9,57.380215,46.415189,43.19,48.246402,38.134454,11:46:07 28 Jul 2021,8.71,2021-07-28 11:46:07,Jul. 28
Joseph R. Biden Jr.,All polls,07-27-21,52.55,57.676786,47.425059,42.89,47.751251,38.028415,10:19:07 27 Jul 2021,9.66,2021-07-27 10:19:07,Jul. 27
Joseph R. Biden Jr.,All polls,07-26-21,52.39,57.32853,47.458804,42.73,47.38388,38.073625,09:01:13 26 Jul 2021,9.66,2021-07-26 09:01:13,Jul. 26
Joseph R. Biden Jr.,All polls,07-23-21,52.39,57.32853,47.458804,42.73,47.38388,38.073625,13:35:07 23 Jul 2021,9.66,2021-07-23 13:35:07,Jul. 23
Joseph R. Biden Jr.,All polls,07-22-21,52.31,56.991329,47.627625,42.67,47.447607,37.883192,22:31:07 22 Jul 2021,9.64,2021-07-22 22:31:07,Jul. 22
Joseph R. Biden Jr.,All polls,07-21-21,52.1,56.976873,47.227511,42.6,47.390339,37.81489,15:36:06 21 Jul 2021,9.5,2021-07-21 15:36:06,Jul. 21
Joseph R. Biden Jr.,All polls,07-20-21,52.33,57.336634,47.325923,42.47,47.442907,37.498439,10:44:07 20 Jul 2021,9.86,2021-07-20 10:44:07,Jul. 20
Joseph R. Biden Jr.,All polls,07-19-21,52.45,57.601884,47.303218,42.47,47.439879,37.501215,09:43:06 19 Jul 2021,9.98,2021-07-19 09:43:06,Jul. 19
Joseph R. Biden Jr.,All polls,07-18-21,51.21,56.035737,46.383938,42.54,47.684679,37.391368,13:54:10 18 Jul 2021,8.67,2021-07-18 13:54:10,Jul. 18
Joseph R. Biden Jr.,All polls,07-16-21,51.21,56.035737,46.383938,42.54,47.684679,37.391368,09:30:09 16 Jul 2021,8.67,2021-07-16 09:30:09,Jul. 16
Joseph R. Biden Jr.,All polls,07-15-21,51.1,55.97921,46.220493,42.57,47.771644,37.370431,09:37:07 15 Jul 2021,8.53,2021-07-15 09:37:07,Jul. 15
Joseph R. Biden Jr.,All polls,07-14-21,51.18,56.103908,46.26289,42.56,47.599993,37.52046,11:42:07 14 Jul 2021,8.62,2021-07-14 11:42:07,Jul. 14
Joseph R. Biden Jr.,All polls,07-13-21,51.56,56.365951,46.746193,42.23,47.301708,37.15337,09:33:06 13 Jul 2021,9.33,2021-07-13 09:33:06,Jul. 13
Joseph R. Biden Jr.,All polls,07-12-21,51.61,56.179652,47.04609,42.26,47.347599,37.177101,09:47:12 12 Jul 2021,9.35,2021-07-12 09:47:12,Jul. 12
Joseph R. Biden Jr.,All polls,07-09-21,51.61,56.179652,47.04609,42.26,47.347599,37.177101,10:35:07  9 Jul 2021,9.35,2021-07-09 10:35:07,Jul. 09
Joseph R. Biden Jr.,All polls,07-08-21,51.62,56.19949,47.03447,42.27,47.292,37.257523,22:05:07  8 Jul 2021,9.34,2021-07-08 22:05:07,Jul. 08
Joseph R. Biden Jr.,All polls,07-07-21,51.83,56.53332,47.127219,42.08,47.062391,37.105513,12:10:07  7 Jul 2021,9.75,2021-07-07 12:10:07,Jul. 07
Joseph R. Biden Jr.,All polls,07-06-21,51.88,56.763258,46.986939,42.33,46.985991,37.674444,11:50:11  6 Jul 2021,9.54,2021-07-06 11:50:11,Jul. 06
Joseph R. Biden Jr.,All polls,07-04-21,52.11,57.101234,47.109663,42.34,47.141793,37.544303,12:51:10  4 Jul 2021,9.76,2021-07-04 12:51:10,Jul. 04
Joseph R. Biden Jr.,All polls,07-02-21,52.11,57.101234,47.109663,42.34,47.141793,37.544303,11:21:06  2 Jul 2021,9.76,2021-07-02 11:21:06,Jul. 02
Joseph R. Biden Jr.,All polls,07-01-21,52.01,56.72429,47.304014,42.29,47.177039,37.401482,21:44:06  1 Jul 2021,9.72,2021-07-01 21:44:06,Jul. 01
Joseph R. Biden Jr.,All polls,06-30-21,52.12,56.989531,47.259059,42.24,47.187186,37.293695,13:13:07 30 Jun 2021,9.88,2021-06-30 13:13:07,Jun. 30
Joseph R. Biden Jr.,All polls,06-29-21,52.71,57.384713,48.038149,41.91,46.808317,37.001951,21:15:09 29 Jun 2021,10.81,2021-06-29 21:15:09,Jun. 29
Joseph R. Biden Jr.,All polls,06-28-21,52.7,57.240987,48.159711,41.8,46.474652,37.123595,09:50:10 28 Jun 2021,10.9,2021-06-28 09:50:10,Jun. 28
Joseph R. Biden Jr.,All polls,06-26-21,52.7,57.240987,48.159711,41.8,46.474652,37.123595,17:10:06 26 Jun 2021,10.9,2021-06-26 17:10:06,Jun. 26
Joseph R. Biden Jr.,All polls,06-25-21,52.65,57.087044,48.218283,42.12,46.548173,37.697808,10:14:07 25 Jun 2021,10.53,2021-06-25 10:14:07,Jun. 25
Joseph R. Biden Jr.,All polls,06-24-21,52.63,57.104168,48.162855,42.13,46.592459,37.672931,18:53:05 24 Jun 2021,10.5,2021-06-24 18:53:05,Jun. 24
Joseph R. Biden Jr.,All polls,06-23-21,52.3,56.923142,47.680666,42.36,46.878174,37.847827,18:54:05 23 Jun 2021,9.94,2021-06-23 18:54:05,Jun. 23
Joseph R. Biden Jr.,All polls,06-22-21,51.76,56.482787,47.043351,42.56,47.32466,37.792589,20:36:06 22 Jun 2021,9.2,2021-06-22 20:36:06,Jun. 22
Joseph R. Biden Jr.,All polls,06-21-21,51.76,56.6662,46.855602,42.44,47.436578,37.442119,08:17:11 21 Jun 2021,9.32,2021-06-21 08:17:11,Jun. 21
Joseph R. Biden Jr.,All polls,06-18-21,51.76,56.6662,46.855602,42.44,47.436578,37.442119,13:05:06 18 Jun 2021,9.32,2021-06-18 13:05:06,Jun. 18
Joseph R. Biden Jr.,All polls,06-17-21,51.68,56.62454,46.736146,42.45,47.427061,37.480766,20:59:06 17 Jun 2021,9.23,2021-06-17 20:59:06,Jun. 17
Joseph R. Biden Jr.,All polls,06-16-21,51.94,57.096692,46.783073,41.99,47.152975,36.817213,12:23:07 16 Jun 2021,9.95,2021-06-16 12:23:07,Jun. 16
Joseph R. Biden Jr.,All polls,06-15-21,52.96,58.13022,47.788421,41.18,46.740971,35.618343,10:24:09 15 Jun 2021,11.78,2021-06-15 10:24:09,Jun. 15
Joseph R. Biden Jr.,All polls,06-14-21,53.19,58.403023,47.969169,40.66,46.006318,35.304029,13:02:12 14 Jun 2021,12.53,2021-06-14 13:02:12,Jun. 14
Joseph R. Biden Jr.,All polls,06-11-21,53.19,58.403023,47.969169,40.66,46.006318,35.304029,23:06:06 11 Jun 2021,12.53,2021-06-11 23:06:06,Jun. 11
Joseph R. Biden Jr.,All polls,06-10-21,52.99,57.740575,48.242714,40.64,45.966725,35.317376,09:34:07 10 Jun 2021,12.35,2021-06-10 09:34:07,Jun. 10
Joseph R. Biden Jr.,All polls,06-09-21,53.07,57.924322,48.207898,40.57,45.967471,35.179243,14:47:07  9 Jun 2021,12.49,2021-06-09 14:47:07,Jun. 09
Joseph R. Biden Jr.,All polls,06-08-21,53.14,58.119985,48.169679,40.53,46.049552,35.014321,12:30:10  8 Jun 2021,12.61,2021-06-08 12:30:10,Jun. 08
Joseph R. Biden Jr.,All polls,06-07-21,53.41,58.447964,48.368123,40.38,45.873825,34.893071,09:29:13  7 Jun 2021,13.02,2021-06-07 09:29:13,Jun. 07
Joseph R. Biden Jr.,All polls,06-04-21,53.41,58.447964,48.368123,40.38,45.873825,34.893071,21:00:11  4 Jun 2021,13.02,2021-06-04 21:00:11,Jun. 04
Joseph R. Biden Jr.,All polls,06-03-21,53.19,57.712267,48.670131,40.47,46.043095,34.906229,20:56:06  3 Jun 2021,12.72,2021-06-03 20:56:06,Jun. 03
Joseph R. Biden Jr.,All polls,06-02-21,53.36,57.958002,48.767702,40.1,45.548423,34.653364,09:39:07  2 Jun 2021,13.26,2021-06-02 09:39:07,Jun. 02
Joseph R. Biden Jr.,All polls,06-01-21,53.58,58.434701,48.726421,40.83,45.338338,36.327169,09:28:15  1 Jun 2021,12.75,2021-06-01 09:28:15,Jun. 01
Joseph R. Biden Jr.,All polls,05-28-21,53.58,58.434701,48.726421,40.83,45.338338,36.327169,13:54:07 28 May 2021,12.75,2021-05-28 13:54:07,May. 28
Joseph R. Biden Jr.,All polls,05-27-21,53.94,58.842116,49.036252,40.72,45.267361,36.170341,19:41:06 27 May 2021,13.22,2021-05-27 19:41:06,May. 27
Joseph R. Biden Jr.,All polls,05-26-21,54.32,59.302651,49.338358,40.27,44.762737,35.773975,21:22:06 26 May 2021,14.05,2021-05-26 21:22:06,May. 26
Joseph R. Biden Jr.,All polls,05-25-21,54.66,59.89142,49.42355,40.23,45.13638,35.31464,10:55:27 25 May 2021,14.43,2021-05-25 10:55:27,May. 25
Joseph R. Biden Jr.,All polls,05-24-21,54.19,59.245485,49.127913,40.55,45.546493,35.543792,09:09:10 24 May 2021,13.64,2021-05-24 09:09:10,May. 24
Joseph R. Biden Jr.,All polls,05-21-21,54.19,59.245769,49.126056,40.54,45.544973,35.543034,21:02:06 21 May 2021,13.64,2021-05-21 21:02:06,May. 21
Joseph R. Biden Jr.,All polls,05-20-21,52.93,57.82239,48.042051,40.93,46.495705,35.360104,10:15:09 20 May 2021,12.0,2021-05-20 10:15:09,May. 20
Joseph R. Biden Jr.,All polls,05-19-21,52.91,57.901803,47.924303,41.06,46.699652,35.412377,16:44:07 19 May 2021,11.86,2021-05-19 16:44:07,May. 19
Joseph R. Biden Jr.,All polls,05-18-21,52.72,57.850568,47.594683,40.72,46.548151,34.899699,13:58:07 18 May 2021,12.0,2021-05-18 13:58:07,May. 18
Joseph R. Biden Jr.,All polls,05-17-21,52.79,58.006812,47.58243,40.72,46.675983,34.769455,08:53:09 17 May 2021,12.07,2021-05-17 08:53:09,May. 17
Joseph R. Biden Jr.,All polls,05-14-21,52.79,58.006812,47.58243,40.72,46.675983,34.769455,10:42:07 14 May 2021,12.07,2021-05-14 10:42:07,May. 14
Joseph R. Biden Jr.,All polls,05-13-21,52.94,58.243476,47.638477,40.78,46.612949,34.954744,09:54:07 13 May 2021,12.16,2021-05-13 09:54:07,May. 13
Joseph R. Biden Jr.,All polls,05-12-21,52.79,58.236512,47.348529,40.9,46.758311,35.038755,13:13:06 12 May 2021,11.89,2021-05-12 13:13:06,May. 12
Joseph R. Biden Jr.,All polls,05-11-21,54.02,59.43891,48.601125,39.65,45.418764,33.8784,10:07:06 11 May 2021,14.37,2021-05-11 10:07:06,May. 11
Joseph R. Biden Jr.,All polls,05-10-21,53.49,58.42479,48.564007,40.11,45.777815,34.432864,09:11:09 10 May 2021,13.39,2021-05-10 09:11:09,May. 10
Joseph R. Biden Jr.,All polls,05-07-21,53.49,58.42479,48.564007,40.11,45.777815,34.432864,21:27:06  7 May 2021,13.39,2021-05-07 21:27:06,May. 07
Joseph R. Biden Jr.,All polls,05-06-21,53.37,58.230009,48.506205,40.05,45.769857,34.324153,13:18:06  6 May 2021,13.32,2021-05-06 13:18:06,May. 06
Joseph R. Biden Jr.,All polls,05-05-21,53.28,58.216356,48.343625,40.11,45.838164,34.388666,20:59:06  5 May 2021,13.17,2021-05-05 20:59:06,May. 05
Joseph R. Biden Jr.,All polls,05-04-21,53.55,58.402156,48.697177,40.01,45.779095,34.245591,09:39:06  4 May 2021,13.54,2021-05-04 09:39:06,May. 04
Joseph R. Biden Jr.,All polls,05-03-21,53.98,58.830606,49.130255,41.14,46.266131,36.008222,09:09:07  3 May 2021,12.84,2021-05-03 09:09:07,May. 03
Joseph R. Biden Jr.,All polls,05-01-21,53.98,58.830606,49.130255,41.14,46.266131,36.008222,20:20:07  1 May 2021,12.84,2021-05-01 20:20:07,May. 01
Joseph R. Biden Jr.,All polls,04-30-21,53.91,58.819108,49.009963,41.37,46.481796,36.266658,16:50:09 30 Apr 2021,12.54,2021-04-30 16:50:09,Apr. 30
Joseph R. Biden Jr.,All polls,04-29-21,53.76,58.430834,49.09138,41.54,46.596012,36.485337,17:57:06 29 Apr 2021,12.22,2021-04-29 17:57:06,Apr. 29
Joseph R. Biden Jr.,All polls,04-28-21,53.97,58.672289,49.271387,41.7,46.585508,36.805758,18:58:06 28 Apr 2021,12.28,2021-04-28 18:58:06,Apr. 28
Joseph R. Biden Jr.,All polls,04-27-21,54.38,59.195359,49.570172,41.34,46.077582,36.602728,13:30:08 27 Apr 2021,13.04,2021-04-27 13:30:08,Apr. 27
Joseph R. Biden Jr.,All polls,04-26-21,54.46,59.464645,49.445923,40.88,45.709607,36.042743,17:19:06 26 Apr 2021,13.58,2021-04-26 17:19:06,Apr. 26
Joseph R. Biden Jr.,All polls,04-25-21,53.75,59.197102,48.305121,39.91,45.088861,34.738391,13:00:10 25 Apr 2021,13.84,2021-04-25 13:00:10,Apr. 25
Joseph R. Biden Jr.,All polls,04-23-21,53.75,59.197102,48.305121,39.91,45.088861,34.738391,18:01:06 23 Apr 2021,13.84,2021-04-23 18:01:06,Apr. 23
Joseph R. Biden Jr.,All polls,04-22-21,53.27,58.628734,47.905131,40.23,45.676924,34.792459,21:22:09 22 Apr 2021,13.03,2021-04-22 21:22:09,Apr. 22
Joseph R. Biden Jr.,All polls,04-21-21,53.43,58.903302,47.960686,40.05,45.435864,34.666747,10:15:08 21 Apr 2021,13.38,2021-04-21 10:15:08,Apr. 21
Joseph R. Biden Jr.,All polls,04-20-21,53.46,58.891109,48.019379,40.63,45.957416,35.294401,13:35:07 20 Apr 2021,12.83,2021-04-20 13:35:07,Apr. 20
Joseph R. Biden Jr.,All polls,04-19-21,53.24,58.63743,47.847248,40.6,45.751977,35.453924,09:33:09 19 Apr 2021,12.64,2021-04-19 09:33:09,Apr. 19
Joseph R. Biden Jr.,All polls,04-16-21,53.24,58.63743,47.847248,40.6,45.751977,35.453924,15:54:06 16 Apr 2021,12.64,2021-04-16 15:54:06,Apr. 16
Joseph R. Biden Jr.,All polls,04-15-21,52.79,58.056023,47.522395,40.75,46.001228,35.502416,16:28:05 15 Apr 2021,12.04,2021-04-15 16:28:05,Apr. 15
Joseph R. Biden Jr.,All polls,04-14-21,52.48,57.728829,47.230288,40.92,46.51506,35.326332,14:09:05 14 Apr 2021,11.56,2021-04-14 14:09:05,Apr. 14
Joseph R. Biden Jr.,All polls,04-13-21,53.57,58.852415,48.28983,39.53,45.439288,33.611406,09:39:05 13 Apr 2021,14.05,2021-04-13 09:39:05,Apr. 13
Joseph R. Biden Jr.,All polls,04-12-21,53.59,58.946257,48.243243,39.57,45.419905,33.719198,10:07:07 12 Apr 2021,14.03,2021-04-12 10:07:07,Apr. 12
Joseph R. Biden Jr.,All polls,04-09-21,53.59,58.946257,48.243243,39.57,45.419905,33.719198,15:21:06  9 Apr 2021,14.03,2021-04-09 15:21:06,Apr. 09
Joseph R. Biden Jr.,All polls,04-08-21,53.35,58.479644,48.218013,39.69,45.667518,33.713054,20:50:07  8 Apr 2021,13.66,2021-04-08 20:50:07,Apr. 08
Joseph R. Biden Jr.,All polls,04-07-21,53.12,58.418135,47.818885,39.95,46.021052,33.879454,11:08:06  7 Apr 2021,13.17,2021-04-07 11:08:06,Apr. 07
Joseph R. Biden Jr.,All polls,04-06-21,53.62,58.985327,48.251444,39.61,45.666085,33.55351,10:01:07  6 Apr 2021,14.01,2021-04-06 10:01:07,Apr. 06
Joseph R. Biden Jr.,All polls,04-05-21,53.68,59.021563,48.335586,39.52,45.503344,33.533736,16:44:04  5 Apr 2021,14.16,2021-04-05 16:44:04,Apr. 05
Joseph R. Biden Jr.,All polls,04-04-21,53.91,59.447712,48.375507,39.9,45.351681,34.456231,21:48:04  4 Apr 2021,14.01,2021-04-04 21:48:04,Apr. 04
Joseph R. Biden Jr.,All polls,04-03-21,53.91,59.440656,48.372099,39.91,45.354757,34.463703,18:53:04  3 Apr 2021,14.0,2021-04-03 18:53:04,Apr. 03
Joseph R. Biden Jr.,All polls,04-02-21,53.86,59.437376,48.291396,39.83,45.316515,34.342121,15:20:07  2 Apr 2021,14.04,2021-04-02 15:20:07,Apr. 02
Joseph R. Biden Jr.,All polls,04-01-21,53.79,59.340111,48.24064,39.43,44.920739,33.938467,23:17:04  1 Apr 2021,14.36,2021-04-01 23:17:04,Apr. 01
Joseph R. Biden Jr.,All polls,03-31-21,54.11,59.590448,48.62197,39.48,44.801595,34.159939,19:48:06 31 Mar 2021,14.63,2021-03-31 19:48:06,Mar. 31
Joseph R. Biden Jr.,All polls,03-30-21,53.9,59.035834,48.773341,39.54,45.018858,34.054398,15:48:05 30 Mar 2021,14.37,2021-03-30 15:48:05,Mar. 30
Joseph R. Biden Jr.,All polls,03-29-21,54.02,59.337705,48.705988,39.66,45.38502,33.94152,11:09:06 29 Mar 2021,14.36,2021-03-29 11:09:06,Mar. 29
Joseph R. Biden Jr.,All polls,03-26-21,54.02,59.337705,48.705988,39.66,45.38502,33.94152,16:53:04 26 Mar 2021,14.36,2021-03-26 16:53:04,Mar. 26
Joseph R. Biden Jr.,All polls,03-25-21,53.97,59.306329,48.641965,39.71,45.479287,33.945423,21:13:04 25 Mar 2021,14.26,2021-03-25 21:13:04,Mar. 25
Joseph R. Biden Jr.,All polls,03-24-21,54.38,59.754023,49.006848,39.78,45.398773,34.162905,13:16:06 24 Mar 2021,14.6,2021-03-24 13:16:06,Mar. 24
Joseph R. Biden Jr.,All polls,03-23-21,54.97,60.295579,49.652992,39.21,44.758353,33.658918,09:57:05 23 Mar 2021,15.77,2021-03-23 09:57:05,Mar. 23
Joseph R. Biden Jr.,All polls,03-22-21,54.33,59.37968,49.274143,39.95,45.112256,34.780296,09:38:06 22 Mar 2021,14.38,2021-03-22 09:38:06,Mar. 22
Joseph R. Biden Jr.,All polls,03-19-21,54.33,59.37968,49.274143,39.95,45.112256,34.780296,12:55:06 19 Mar 2021,14.38,2021-03-19 12:55:06,Mar. 19
Joseph R. Biden Jr.,All polls,03-18-21,54.04,59.136122,48.936115,39.99,45.20275,34.768067,20:54:05 18 Mar 2021,14.05,2021-03-18 20:54:05,Mar. 18
Joseph R. Biden Jr.,All polls,03-17-21,53.59,58.658379,48.512155,40.32,45.385936,35.25655,17:05:05 17 Mar 2021,13.26,2021-03-17 17:05:05,Mar. 17
Joseph R. Biden Jr.,All polls,03-16-21,53.89,59.043547,48.729012,40.13,45.143578,35.125508,13:47:04 16 Mar 2021,13.75,2021-03-16 13:47:04,Mar. 16
Joseph R. Biden Jr.,All polls,03-15-21,53.85,58.977977,48.715572,40.19,45.145559,35.226393,10:35:06 15 Mar 2021,13.66,2021-03-15 10:35:06,Mar. 15
Joseph R. Biden Jr.,All polls,03-14-21,53.15,57.950433,48.359253,40.27,45.266626,35.281402,11:57:07 14 Mar 2021,12.88,2021-03-14 11:57:07,Mar. 14
Joseph R. Biden Jr.,All polls,03-12-21,53.15,57.950433,48.359253,40.27,45.266626,35.281402,22:00:07 12 Mar 2021,12.88,2021-03-12 22:00:07,Mar. 12
Joseph R. Biden Jr.,All polls,03-11-21,53.04,57.871499,48.216476,40.25,45.305819,35.203093,21:52:04 11 Mar 2021,12.79,2021-03-11 21:52:04,Mar. 11
Joseph R. Biden Jr.,All polls,03-10-21,52.96,57.780621,48.136924,39.28,44.594931,33.962142,13:46:04 10 Mar 2021,13.68,2021-03-10 13:46:04,Mar. 10
Joseph R. Biden Jr.,All polls,03-09-21,53.45,58.325039,48.570766,38.78,44.219034,33.345153,21:39:04  9 Mar 2021,14.67,2021-03-09 21:39:04,Mar. 09
Joseph R. Biden Jr.,All polls,03-08-21,53.56,58.418726,48.696514,38.64,43.994073,33.290373,09:23:05  8 Mar 2021,14.92,2021-03-08 09:23:05,Mar. 08
Joseph R. Biden Jr.,All polls,03-05-21,53.56,58.418726,48.696514,38.64,43.994073,33.290373,19:47:03  5 Mar 2021,14.92,2021-03-05 19:47:03,Mar. 05
Joseph R. Biden Jr.,All polls,03-04-21,53.06,57.803302,48.31954,38.31,43.705283,32.923632,20:59:03  4 Mar 2021,14.75,2021-03-04 20:59:03,Mar. 04
Joseph R. Biden Jr.,All polls,03-03-21,52.9,57.610781,48.186463,38.33,43.647664,33.005613,15:32:04  3 Mar 2021,14.57,2021-03-03 15:32:04,Mar. 03
Joseph R. Biden Jr.,All polls,03-02-21,53.54,58.354059,48.735649,37.12,42.505375,31.74376,10:54:05  2 Mar 2021,16.42,2021-03-02 10:54:05,Mar. 02
Joseph R. Biden Jr.,All polls,03-01-21,54.4,59.252821,49.555041,38.31,43.457406,33.159113,09:34:07  1 Mar 2021,16.1,2021-03-01 09:34:07,Mar. 01
Joseph R. Biden Jr.,All polls,02-26-21,54.4,59.252821,49.555041,38.31,43.457406,33.159113,09:55:05 26 Feb 2021,16.1,2021-02-26 09:55:05,Feb. 26
Joseph R. Biden Jr.,All polls,02-25-21,54.48,59.308402,49.649913,38.2,43.287664,33.120256,19:38:04 25 Feb 2021,16.28,2021-02-25 19:38:04,Feb. 25
Joseph R. Biden Jr.,All polls,02-24-21,54.26,59.071923,49.456128,38.12,43.188442,33.044971,13:00:08 24 Feb 2021,16.15,2021-02-24 13:00:08,Feb. 24
Joseph R. Biden Jr.,All polls,02-23-21,54.41,59.15484,49.658756,38.05,43.067256,33.029119,10:22:05 23 Feb 2021,16.36,2021-02-23 10:22:05,Feb. 23
Joseph R. Biden Jr.,All polls,02-22-21,54.45,59.18963,49.715502,38.12,43.020907,33.209433,09:40:07 22 Feb 2021,16.34,2021-02-22 09:40:07,Feb. 22
Joseph R. Biden Jr.,All polls,02-19-21,54.45,59.18963,49.715502,38.12,43.020907,33.209433,13:49:04 19 Feb 2021,16.34,2021-02-19 13:49:04,Feb. 19
Joseph R. Biden Jr.,All polls,02-18-21,54.45,59.161261,49.737476,37.85,42.686537,33.005163,21:23:03 18 Feb 2021,16.6,2021-02-18 21:23:03,Feb. 18
Joseph R. Biden Jr.,All polls,02-17-21,54.46,59.108183,49.807406,37.77,42.51952,33.029949,12:21:04 17 Feb 2021,16.68,2021-02-17 12:21:04,Feb. 17
Joseph R. Biden Jr.,All polls,02-16-21,54.84,59.566753,50.116405,37.4,42.16459,32.628013,09:35:05 16 Feb 2021,17.45,2021-02-16 09:35:05,Feb. 16
Joseph R. Biden Jr.,All polls,02-15-21,54.44,58.915836,49.96952,37.23,41.744487,32.722428,10:19:05 15 Feb 2021,17.21,2021-02-15 10:19:05,Feb. 15
Joseph R. Biden Jr.,All polls,02-12-21,54.44,58.915054,49.968589,37.23,41.744463,32.722266,13:57:04 12 Feb 2021,17.21,2021-02-12 13:57:04,Feb. 12
Joseph R. Biden Jr.,All polls,02-11-21,54.25,58.74175,49.76444,37.14,41.626375,32.660765,14:38:04 11 Feb 2021,17.11,2021-02-11 14:38:04,Feb. 11
Joseph R. Biden Jr.,All polls,02-10-21,54.29,58.806647,49.77306,37.1,41.612598,32.596862,20:14:04 10 Feb 2021,17.19,2021-02-10 20:14:04,Feb. 10
Joseph R. Biden Jr.,All polls,02-09-21,54.54,58.914956,50.155148,36.94,41.31577,32.555963,18:22:04  9 Feb 2021,17.6,2021-02-09 18:22:04,Feb. 09
Joseph R. Biden Jr.,All polls,02-08-21,53.16,57.454566,48.858918,36.33,40.631125,32.035476,09:37:04  8 Feb 2021,16.82,2021-02-08 09:37:04,Feb. 08
Joseph R. Biden Jr.,All polls,02-05-21,53.16,57.454566,48.858918,36.33,40.631125,32.035476,16:08:04  5 Feb 2021,16.82,2021-02-05 16:08:04,Feb. 05
Joseph R. Biden Jr.,All polls,02-04-21,53.75,58.106331,49.403126,35.84,40.188694,31.485489,19:52:04  4 Feb 2021,17.92,2021-02-04 19:52:04,Feb. 04
Joseph R. Biden Jr.,All polls,02-03-21,52.65,57.026915,48.27818,35.19,39.56349,30.814755,15:31:05  3 Feb 2021,17.46,2021-02-03 15:31:05,Feb. 03
Joseph R. Biden Jr.,All polls,02-02-21,53.19,57.597796,48.786518,34.24,38.64193,29.830652,15:41:05  2 Feb 2021,18.96,2021-02-02 15:41:05,Feb. 02
Joseph R. Biden Jr.,All polls,02-01-21,54.28,58.884888,49.677542,34.56,39.161473,29.954128,09:14:05  1 Feb 2021,19.72,2021-02-01 09:14:05,Feb. 01
Joseph R. Biden Jr.,All polls,01-29-21,54.28,58.884888,49.677542,34.56,39.161473,29.954128,16:55:08 29 Jan 2021,19.72,2021-01-29 16:55:08,Jan. 29
Joseph R. Biden Jr.,All polls,01-28-21,54.22,58.79623,49.649183,34.66,39.237149,30.090102,19:57:04 28 Jan 2021,19.56,2021-01-28 19:57:04,Jan. 28
Joseph R. Biden Jr.,All polls,01-27-21,53.95,58.633175,49.264969,35.09,39.778233,30.410028,17:10:07 27 Jan 2021,18.85,2021-01-27 17:10:07,Jan. 27
Joseph R. Biden Jr.,All polls,01-26-21,52.97,58.21402,47.73458,36.04,41.27879,30.79935,10:18:18 26 Jan 2021,16.94,2021-01-26 10:18:18,Jan. 26
